Country,Continent,1900,1901,1902,1903,1904,1905,1906,1907,1908,1909,1910,1911,1912,1913,1914,1915,1916,1917,1918,1919,1920,1921,1922,1923,1924,1925,1926,1927,1928,1929,1930,1931,1932,1933,1934,1935,1936,1937,1938,1939,1940,1941,1942,1943,1944,1945,1946,1947,1948,1949,1950,1951,1952,1953,1954,1955,1956,1957,1958,1959,1960,1961,1962,1963,1964,1965,1966,1967,1968,1969,1970,1971,1972,1973,1974,1975,1976,1977,1978,1979,1980,1981,1982,1983,1984,1985,1986,1987,1988,1989,1990,1991,1992,1993,1994,1995,1996,1997,1998,1999,2000,2001,2002,2003,2004,2005,2006,2007,2008,2009,2010,2011,2012,2013,2014,2015,2016,2017,2018,2019,2020,Country Name,Image URL
Albania,Europe,0,0,0,0,0,0,0,0,0,0,0,0,0,0,0,0,0,0,0,0,0,0,0,0,0,0,0,0,0,0,0,0,0,13530.34483,27060.68966,68240,348847.5862,991833.1034,1771886.897,2736659.31,4282648.276,5664508.276,7319916.552,8352928.966,8695305.517,8968853.793,10001866.21,12067891.03,13620939.31,15885801.38,16788804.83,17623568.28,18643050.34,19669591.72,20866733.1,22289772.41,24109897.93,27462482.07,30219731.03,33497015.86,38477947.59,43753017.24,49123975.86,54261977.24,59488808.28,65112725.52,71174320,77906548.97,85664731.03,94606524.14,104780166.9,116116831,130826669,145241780.7,157351439.3,169803474.5,182802606.2,196144114.5,210511575.9,224879037.2,242400245.5,259873215.2,285288497.2,315072315.9,336973237.9,358814744.1,380656250.3,402100670.3,419621878.6,438286106.9,450199869.7,457745095.9,462125397.9,466493934.5,470862471,474833921.4,478617123.4,482256786.2,484758723.4,486972993.8,489225502.1,491589194.5,494115251,496782493.8,499447383.4,502226986.9,505301904.8,507850904.1,510239892.4,512355920.7,516662100,522823113.1,529527104.8,536281100,544424602.8,552431037.2,561489309,561489309,561489309,561489309,561489309,Albania,https://public.flourish.studio/country-flags/svg/al.svg
Algeria,Africa,0,0,0,0,0,0,0,0,0,0,0,0,0,0,0,0,7059.310345,14118.62069,21177.93103,28237.24138,35296.55172,35296.55172,42355.86207,49415.17241,62945.51724,76475.86207,83535.17241,90594.48276,97653.7931,118243.4483,131773.7931,138833.1034,145892.4138,152951.7241,152951.7241,152951.7241,152951.7241,152951.7241,152951.7241,152951.7241,152951.7241,152951.7241,152951.7241,152951.7241,160011.0345,160011.0345,160011.0345,160011.0345,160011.0345,160011.0345,180600.6897,228251.0345,542978.6207,1124783.448,1624229.655,2000726.207,2233095.172,2376634.483,5311542.759,13740359.31,72797373.1,179917113.1,320219141.4,481935587.6,663163967.6,841999829.7,1072169820,1336566877,1626815128,1930829034,2261373005,2513129778,2853340886,3207044690,3534309023,3854524634,4211858100,4593322641,4982854210,5380261027,5732896521,6047110543,6359710335,6667265662,7001042209,7323017354,7654695521,7998130969,8357832245,8730597951,9129845483,9531407293,9917969833,10303313465,10686933449,11068774487,11472515859,11893736083,12313716222,12714147365,13171080640,13620925780,14105957463,14646481797,15218108275,15809484351,16399247963,16990927589,17570832874,18099240490,18603982944,19094357937,19554199060,19997428449,20467935602,20927865554,21395950775,21851932808,22298911279,22739034571,23133099982,Algeria,https://public.flourish.studio/country-flags/svg/dz.svg
Angola,Africa,0,0,0,0,0,0,0,0,0,0,0,0,0,0,0,0,0,0,0,0,0,0,0,0,0,0,0,0,0,0,0,0,0,0,0,0,0,0,0,0,0,0,0,0,0,0,0,0,0,0,0,0,0,0,0,0,54709.65517,122949.6552,471797.2414,820644.8276,1278911.724,1990725.517,5213300.69,10686619.31,16878222.76,21359708.28,25677064.83,29350847.59,34481789.66,51298831.72,85951809.66,125092744.1,173374309,229304636.6,287739254.5,341042342.1,392792381.4,441108066.2,485366412.4,534626280,585446255.2,634419044.1,678273833.1,738412097.9,807335086.2,885685783.4,980962353.8,1100732378,1253438203,1408346532,1568304034,1736020306,1921791352,2091532469,2279157761,2492432468,2734380330,2984100492,3230399830,3481488321,3733603354,3983665305,4288802818,4581849497,4955287014,5382441177,5852317698,6407752472,7039172486,7627806019,8236223270,8797455503,9381019863,9963968888,10533723472,11136901538,11723696122,12282008153,12788874871,13261426871,13702822015,Angola,https://public.flourish.studio/country-flags/svg/ao.svg
Argentina,South America,0,0,0,0,0,0,0,0,13530.34483,34120,54709.65517,68240,115890.3448,245899.3103,519447.5862,1025953.103,1887777.241,3099037.241,4439717.931,5760397.241,7395804.138,9461828.966,12465565.52,15865800,20497884.14,26566537.93,34407078.62,43007083.45,52024175.86,61342465.52,70270728.28,81573272.41,94401215.86,107749195.2,121418961.4,135355216.6,150489201.4,166498540.7,183219693.8,201439185.5,221608223.4,243159709.7,266366604.1,290674751,314394622.1,336794402.1,357155217.9,378541986.9,401277084.1,423389197.2,446356663.4,470309491.7,494611167.6,522524857.2,551458029,581321853.1,611678064.1,644915062.1,679820998.6,723456949,785975966.2,866379157.9,960212687.6,1053026735,1148837460,1243011013,1343199687,1452407806,1572051939,1695932247,1832768742,1980348919,2132357049,2280144888,2424810158,2563425599,2703091701,2854032110,3012826002,3178928045,3351796437,3527875638,3702825350,3878432166,4050443439,4215728367,4372187392,4526620983,4688903350,4854675959,5028703842,5205779583,5404463872,5617019119,5853131283,6109398368,6388647037,6685475741,6986700043,7271920301,7554805103,7855352888,8151418599,8446252460,8726936522,8996285685,9266073701,9527523496,9786170744,10019085629,10246765448,10460124279,10671125888,10877647777,11081435360,11286997183,11482878926,11669246484,11857681832,12054959554,12244082008,Argentina,https://public.flourish.studio/country-flags/svg/ar.svg
Australia,Oceania,0,0,0,0,0,0,0,0,0,0,0,0,0,0,0,0,0,0,0,0,0,0,0,0,0,0,0,0,0,0,0,0,0,0,0,0,0,0,0,0,0,0,0,0,0,0,0,0,0,0,0,0,0,0,0,0,0,0,0,0,0,0,0,0,1300089.655,3668488.276,6713992.414,13819776.55,27052453.79,42279386.21,101833493.1,206205396.6,317587195.2,457118582.1,595173396.6,743102421.4,894582867.6,1054846861,1213510743,1372758784,1522172029,1667700888,1811199608,1950883946,2132072323,2341993270,2529540321,2728890539,2918084763,3096528245,3303659588,3499420146,3692343450,3872289389,4066031573,4248464154,4440480925,4644280273,4837250051,5025202424,5278971101,5513779646,5747129856,5949114961,6125514773,6298794958,6457015869,6625525137,6793599668,6958569280,7127131492,7274418120,7420711150,7542554846,7673200326,7789410693,7895682728,7991893480,8092419824,8224238914,8358734660,Australia,https://public.flourish.studio/country-flags/svg/au.svg
Austria,Europe,0,0,7059.310345,14118.62069,21177.93103,28237.24138,35296.55172,42355.86207,55886.2069,69416.55172,82946.89655,90006.2069,97065.51724,104124.8276,111184.1379,118243.4483,118243.4483,118243.4483,118243.4483,118243.4483,118243.4483,118243.4483,118243.4483,118243.4483,118243.4483,118243.4483,118243.4483,118243.4483,118243.4483,118243.4483,118243.4483,118243.4483,118243.4483,125302.7586,152951.7241,200602.069,255311.7241,481209.6552,871236.5517,1856598.621,4682087.586,9142983.448,15102217.93,22655680,30954487.59,33998815.17,39779802.07,46005525.52,52505385.52,60373575.17,71997317.93,87616630.34,106526757.9,128563571.7,152153433.8,177235163.4,200688545.5,222485931,241889033.8,258706075.9,275454289.7,291573048.3,307951824.8,325877178.6,344096670.3,363629782.1,382492259.3,400862349.7,419498929,438368465.5,457511550.3,474725090.3,491678612.4,509323358.6,524635002.8,538571257.9,551782757.2,564008894.5,576255621.4,588078201.4,599073665.5,608823749.7,618952683.4,628702767.6,637716918.6,646329277.2,654941635.9,663065725.5,672079876.6,681069320,689679325.5,699805906.2,708792996.6,717349469,725500031,734372407.6,742814754.5,750207029,758222875.9,765316306.2,772809175.9,780424406.9,788295537.9,795893709,803574826.9,810487656.6,817645209,824980420.7,832171504.8,839409651,846853693.8,854623641.4,862153572.4,868549307.6,875328598.6,881851989.7,887616504.8,887616504.8,887616504.8,887616504.8,887616504.8,Austria,https://public.flourish.studio/country-flags/svg/at.svg
Azerbaijan,Asia,0,0,0,0,0,0,0,0,0,0,0,0,0,0,0,0,0,0,0,0,0,0,0,0,0,0,0,0,0,0,0,0,0,0,0,0,0,0,0,0,0,0,0,0,0,0,0,0,0,0,0,0,0,0,0,0,0,0,0,0,0,0,0,0,0,0,0,0,0,0,0,0,0,0,0,0,0,0,0,0,0,0,0,0,0,90515065.52,179798869.7,274966020.7,368970150.3,459006359.3,544526962.8,625078400,701675446.9,771811460,837236560,899917941.4,962179882.1,1023939435,1102269543,1197033137,1293288010,1395769194,1500678782,1605889567,1711654508,1863636165,2084399624,2381053023,2691177350,3039188997,3390283797,3705649662,4004891474,4304863337,4595721630,4883206750,5166639825,5434075326,5702256173,5962200570,6202340659,Azerbaijan,https://public.flourish.studio/country-flags/svg/az.svg
Bahrain,Asia,0,0,0,0,0,0,0,0,0,0,0,0,0,0,0,0,0,0,0,0,0,0,0,0,0,0,0,0,0,0,0,0,0,27648.96552,294726.2069,1478337.241,5822754.483,13081490.34,20833201.38,27934867.59,34550617.93,40906350.34,46742046.9,52892471.03,59172904.14,66007493.1,73499186.21,82304499.31,92512262.07,102788264.8,113091916.6,123374978.6,133671571,143941102.8,154224164.8,164500167.6,174803819.3,185743397.2,199659062.8,215066595.9,230501189.7,245881073.8,261268017.2,276702611,293539654.5,312983348.3,334048918.6,357782908.3,383596453.1,409581186.2,435750637.9,461331813.8,485195224.1,508532127.6,531540773.1,552408094.5,572262404.8,592069064.8,610910952.4,628398040.7,648332356.6,667526033.1,685979070.3,703960310.3,721620351.7,738792712.4,757245749.7,775226989.7,793629435.2,811711858.6,828613612.4,844034675.9,859668106.9,878089965.5,896781842.8,914663664.1,930366511.7,948148326.2,964919482.8,981590044.1,998507093.1,1014988818,1031438776,1048073452,1064789899,1080449803,1096379725,1112309647,1128283690,1144213612,1159602908,1175262223,1193462890,1213936067,1235236359,1257090219,1278261679,1278261679,1278261679,1278261679,1278261679,Bahrain,https://public.flourish.studio/country-flags/svg/bh.svg
Bangladesh,Asia,0,0,0,0,0,0,0,0,0,0,0,0,0,0,0,0,0,0,0,0,0,0,0,0,0,0,0,0,0,0,0,0,0,0,0,0,0,0,0,0,0,0,0,0,0,0,0,0,0,0,0,0,0,0,0,0,0,0,0,0,0,0,0,0,0,0,0,0,0,0,0,0,0,0,0,0,0,0,0,0,0,0,0,72946.2069,218838.6207,477680,737697.931,997127.5862,1293618.621,1527164.138,1870128.966,2176620.69,2557235.172,2973146.207,3534949.655,3987333.793,4550902.069,5185651.724,5783928.276,6345731.724,7311680.69,8595886.897,10861337.24,13126787.59,15372824.83,17612391.03,19851957.24,22091523.45,24215787.59,26090622.76,27966046.21,29841469.66,31599826.21,33109930.34,34620034.48,36130138.62,37644360.69,37644360.69,37644360.69,37644360.69,37644360.69,Bangladesh,https://public.flourish.studio/country-flags/svg/bd.svg
Belarus,Europe,0,0,0,0,0,0,0,0,0,0,0,0,0,0,0,0,0,0,0,0,0,0,0,0,0,0,0,0,0,0,0,0,0,0,0,0,0,0,0,0,0,0,0,0,0,0,0,0,0,0,0,0,0,0,0,0,0,0,0,0,0,0,0,0,0,0,0,0,0,0,0,0,0,0,0,0,0,0,0,0,0,0,0,0,0,0,0,0,0,0,0,0,14854553.79,29668516.55,44390120,58678164.14,72107325.52,85566488.97,99053301.38,112604235.9,126344595.2,140047304.8,153567649,167048578.6,180541273.8,193503344.1,206465414.5,219427484.8,232425440,244646871,255757049,266867226.9,278007995.2,289118173.1,300228351,309889017.2,322020442.1,322020442.1,322020442.1,322020442.1,322020442.1,Belarus,https://public.flourish.studio/country-flags/svg/by.svg
Benin,Africa,0,0,0,0,0,0,0,0,0,0,0,0,0,0,0,0,0,0,0,0,0,0,0,0,0,0,0,0,0,0,0,0,0,0,0,0,0,0,0,0,0,0,0,0,0,0,0,0,0,0,0,0,0,0,0,0,0,0,0,0,0,0,0,0,0,0,0,0,0,0,0,0,0,0,0,0,0,0,0,0,0,0,0,1545988.966,4260293.793,7354036.552,10447779.31,13155024.83,15094570.34,16641735.86,18188901.38,19736066.9,21908569.66,24152253.79,26434764.14,27595432.41,28371368.28,28874344.14,29261429.66,29648515.17,29916180.69,30186787.59,30496220.69,30650937.24,30650937.24,30650937.24,30650937.24,30650937.24,30650937.24,30650937.24,30650937.24,30650937.24,30650937.24,30650937.24,30650937.24,30650937.24,30650937.24,30650937.24,30650937.24,30650937.24,30650937.24,Benin,https://public.flourish.studio/country-flags/svg/bj.svg
Bolivia,South America,0,0,0,0,0,0,0,0,0,0,0,0,0,0,0,0,0,0,0,0,0,0,0,0,0,0,0,0,7059.310345,27648.96552,55297.93103,68828.27586,102948.2759,198837.2414,335905.5172,479444.8276,568274.4828,677693.7931,800643.4483,992421.3793,1252439.31,1464806.897,1738355.172,2039552.414,2320160,2662536.552,2984323.448,3319640.69,3730257.241,4332063.448,4899749.655,5365075.862,5823342.759,6356908.966,7868777.931,10270120,13123257.93,16311713.1,19376630.34,22202119.31,25390574.48,28058993.79,30549165.52,33579962.76,36508400,39505077.24,44930745.52,57888697.93,71257266.9,84092269.66,91768681.38,103467723.4,117363387.6,132387953.1,146837773.1,159659245.5,172590137.2,183619133.1,193922784.8,202775748.3,213584140.7,222348274.5,232334257.2,241617838.6,250575515.2,259157283.4,266777809,274490105.5,282483009.7,290805348.3,299478299.3,308151250.3,317396005.5,326966665.5,336992062.8,348528152.4,360894299.3,373177499.3,387702030.3,400722340,413352622.8,427458301.4,442000480.7,455106678.6,474433305.5,494293498.6,513571886.9,533080879.3,549156693.8,563509448.3,578435771.7,593800949,611578057.2,631645911.7,652868551.7,675592471.7,699555300.7,699555300.7,699555300.7,699555300.7,699555300.7,Bolivia,https://public.flourish.studio/country-flags/svg/bo.svg
Brazil,South America,0,0,0,0,0,0,0,0,0,0,0,0,0,0,0,0,0,0,0,0,0,0,0,0,0,0,0,0,0,0,0,0,0,0,0,0,0,0,0,0,0,0,27648.96552,68828.27586,123537.931,191777.931,253546.8966,342376.5517,472385.5172,568274.4828,869471.7241,1485396.552,2156031.034,2970204.828,3852618.621,5658625.517,9291817.241,18329499.31,35248901.38,56341532.41,82818652.41,113941386.9,143818741.4,175762709,205544174.5,240061849,282201813.8,335230764.8,393500077.2,457054460,517211549.7,580181774.5,641948975.2,704590353.8,769954273.1,833656901.4,895694709,955475302.1,1014917637,1076496589,1144098898,1223051990,1319260389,1441239977,1611979987,1813606244,2025603805,2236507761,2442606091,2662718917,2896209137,3126978580,3361241794,3600331811,3848273615,4104862486,4395860201,4707812890,5068225391,5475279932,5934279232,6414748248,6952547688,7510244383,8063761966,8672541594,9315899490,9965928434,10641806808,11364857846,12126113284,12905016998,13670926286,14421547462,15259339942,16163755253,17095587748,18069267835,19028626346,20060172188,21149300236,Brazil,https://public.flourish.studio/country-flags/svg/br.svg
Bulgaria,Europe,0,0,0,0,0,0,0,0,0,0,0,0,0,0,0,0,0,0,0,0,0,0,0,0,0,0,0,0,0,0,0,0,0,0,0,0,0,0,0,0,0,0,0,0,0,0,0,0,0,0,0,0,0,0,34120,1060661.379,2750777.931,4700912.414,6219840.69,7533460.69,8901790.345,10317770.34,11679040.69,12862651.72,13957433.1,15524011.72,18288320,21702084.83,24951720.69,27175403.45,29460266.9,31546881.38,33243468.97,34543558.62,35528920.69,36363684.14,37164327.59,38046741.38,39729798.62,41508744.83,42623527.59,43734780.69,44846033.79,45957286.9,47443271.72,49665777.93,51888284.14,54110790.34,55744432.41,57595736.55,59077015.17,59521163.45,59929426.9,60299452.41,60706539.31,61076564.83,61336582.76,61558951.03,61855442.07,62151933.1,62467837.24,62691382.07,62965518.62,63187886.9,63559088.97,63929114.48,64299140,64669165.52,65040367.59,65410393.1,65780418.62,66150444.14,66521646.21,66891671.72,67261697.24,67631722.76,68002924.83,68002924.83,68002924.83,68002924.83,68002924.83,Bulgaria,https://public.flourish.studio/country-flags/svg/bg.svg
Cameroon,Africa,0,0,0,0,0,0,0,0,0,0,0,0,0,0,0,0,0,0,0,0,0,0,0,0,0,0,0,0,0,0,0,0,0,0,0,0,0,0,0,0,0,0,0,0,0,0,0,0,0,0,0,0,0,0,0,0,0,0,0,0,0,0,0,0,0,0,0,0,0,0,0,0,0,0,0,0,0,260017.931,3714962.069,17425907.59,39213880.69,71806716.55,112641297.2,155348948.3,206062445.5,275368989.7,341678856.6,406864528.3,468096397.9,531783731,592099066.9,649417725.5,702009587.6,749587574.5,790027422.1,831611466.2,872188382.1,918642762.1,963972946.9,1001436119,1033300081,1062014414,1088170923,1113270890,1138060246,1168898255,1201267546,1232297333,1262847675,1291658486,1316009577,1339109405,1362775743,1386286188,1414383419,1451097128,1485657746,1485657746,1485657746,1485657746,1485657746,Cameroon,https://public.flourish.studio/country-flags/svg/cm.svg
Canada,North America,834763.4483,1525987.586,2011903.448,2456640,2963145.517,3544950.345,4064986.207,4783271.034,5262127.586,5645095.172,5932173.793,6199251.034,6418089.655,6623397.931,6821646.897,7019895.862,7197555.172,7395804.138,7676411.724,7895250.345,8072909.655,8257628.276,8435287.586,8606475.862,8763545.517,9091803.448,9413590.345,9830677.931,10377774.48,11363136.55,12703817.24,14058616.55,14975150.34,15981102.07,17219422.76,18491863.45,19812542.76,21926806.21,27899571.03,34857697.93,42575288.97,51674740,60979499.31,69839522.07,78761313.79,86225357.93,92834637.24,99553335.86,110479383.4,129738358.6,156461966.2,200276164.1,256624167.6,331068124.8,419483045.5,538595965.5,696850408.3,864190183.4,1016478332,1186514176,1361037976,1564385528,1789236328,2026333855,2279044223,2579216100,2909066494,3269629006,3660419484,4086093545,4565473662,5079717948,5672978860,6359296189,7005056015,7563169209,8078377091,8595429806,9109852340,9700112457,10269812920,10785410240,11295551891,11833035426,12406472618,12992700692,13579276437,14197039038,14847645081,15481321721,16115938426,16753679464,17418412363,18118184149,18848134487,19613758462,20403651168,21229466353,22085273605,22913090692,23768883826,24632094530,25542050811,26504183631,27497305058,28473463551,29506541264,30571596475,31620010540,32667826327,33766802702,34930777676,36182203975,37519127935,38954348674,40432654148,41929914460,43548811394,45312212411,47114727891,48840100991,Canada,https://public.flourish.studio/country-flags/svg/ca.svg
Chad,Africa,0,0,0,0,0,0,0,0,0,0,0,0,0,0,0,0,0,0,0,0,0,0,0,0,0,0,0,0,0,0,0,0,0,0,0,0,0,0,0,0,0,0,0,0,0,0,0,0,0,0,0,0,0,0,0,0,0,0,0,0,0,0,0,0,0,0,0,0,0,0,0,0,0,0,0,0,0,0,0,0,0,0,0,0,0,0,0,0,0,0,0,0,0,0,0,0,0,0,0,0,0,0,0,8465877.931,68908869.66,131221990.3,186250491,237833460,283608381.4,325937771,369743733.1,410596550.3,446921408.3,479487771.7,511395854.5,551140360,593120902.1,628480987.6,669983261.4,715571699.3,761060718.6,Chad,https://public.flourish.studio/country-flags/svg/td.svg
Chile,South America,0,0,0,0,0,0,0,0,0,0,0,0,0,0,0,0,0,0,0,0,0,0,0,0,0,0,0,0,0,0,0,0,0,0,0,0,0,0,0,0,0,0,0,0,0,0,0,0,0,47650.34483,608865.5172,1285971.034,2100144.828,3221986.897,4767975.862,7066957.931,10227764.14,14093324.83,19060137.93,24793474.48,31245095.86,39509783.45,49936384.83,61717785.52,73923333.1,85252937.93,96336643.45,107420349,119632955.9,131339057.2,141382691,150974529,160669315.2,169399329,176993382.1,183793851,190211352.4,196560613.8,201896864.1,208806752.4,223998976.6,241539597.9,259807916.6,276620252.4,293376113.8,309356627.6,323256409.7,336792637.2,348096357.9,358719443.4,369137220.7,378201375.2,386560186.9,394793695.9,402448341.4,409697076.6,416200466.2,420711953.8,425021662.8,429064882.8,432605126.9,436344208.3,439915631,443504113.8,446854933.1,449986913.8,452490027.6,454435455.9,456612664.8,458999300,462821916.6,466672182.1,470418322.8,473883267.6,476844060,479384823.4,481262011.7,481262011.7,481262011.7,481262011.7,481262011.7,Chile,https://public.flourish.studio/country-flags/svg/cl.svg
China,Asia,0,0,0,0,0,0,0,0,0,0,0,0,0,0,0,0,0,0,0,0,0,0,0,0,0,0,13530.34483,34120,54709.65517,82358.62069,424735.1724,841822.7586,1320679.31,1916014.483,2545469.655,3510242.069,4646202.759,5973353.103,7834069.655,10461309.66,14463938.62,19000133.79,24589931.03,26717724.83,28093113.79,29290255.17,29769111.72,30125018.62,30624464.83,31431579.31,32813439.31,34907113.1,37890260,42145847.59,47543866.9,54153146.21,62110165.52,72099089.66,87588393.1,112902491.7,150531557.2,192949776.6,239472984.8,290785346.9,348939357.2,426318222.8,525864499.3,620826342.1,730224474.5,878961790.3,1088658604,1358287786,1670745804,2037526392,2481207577,3008425110,3604743292,4245395119,4957268916,5683510174,6408383103,7100894977,7799564334,8525257908,9309379041,10163900910,11058036100,11975774682,12913422872,13855107223,14801375420,15765979586,16737767190,17723169850,18722597595,19742140256,20826678576,21922231773,23018126759,24114295881,25226884959,26354593903,27496232631,28656473819,29847269466,31088022088,32352123968,33626847756,34929768783,36226192891,37615143380,39003146157,40422637575,41859104871,43305627565,44773571737,46139746537,47449963362,48743760230,50050610940,51383151656,China,https://public.flourish.studio/country-flags/svg/cn.svg
Colombia,South America,0,0,0,0,0,0,0,0,0,0,0,0,0,0,0,0,0,0,0,0,0,68240,382967.5862,800055.1724,1237732.414,2223094.483,8517646.207,23186304.83,42623527.59,62539606.9,81573272.41,98567973.79,113872558.6,126132815.9,142292753.8,158726240,176350396.6,195554662.1,215970187.6,238547626.9,262732824.1,286049137.9,296072182.1,308749526.9,330184534.5,351783671,373006311,396644411.7,419160082.1,447286139.3,479517185.5,515853220.7,552476334.5,589790672.4,627625046.2,665206461.4,706968164.8,750255267.6,793645318.6,843322273.8,895209381.4,944729266.9,993024362.1,1049317656,1108135241,1181029680,1252482843,1321413479,1384751964,1461610206,1542067519,1621948910,1694315665,1762376241,1824455816,1882606297,1936941220,1988029449,2036595151,2082278301,2128809157,2178456110,2230770306,2286903589,2348610786,2413752925,2523577557,2662880693,2799674832,2945824323,3105737115,3260208944,3419405805,3583822437,3748849112,3961046686,4189288308,4427635333,4704098516,5003118548,5251355079,5469004206,5677284451,5872232012,6063121059,6252721781,6442771946,6634149849,6846490374,7088139980,7371323626,7701136370,8042278719,8406182638,8763062543,9125418119,9445523135,9753273770,10065147041,10384352583,10666681464,Colombia,https://public.flourish.studio/country-flags/svg/co.svg
Congo,Africa,0,0,0,0,0,0,0,0,0,0,0,0,0,0,0,0,0,0,0,0,0,0,0,0,0,0,0,0,0,0,0,0,0,0,0,0,0,0,0,0,0,0,0,0,0,0,0,0,0,0,0,0,0,0,0,0,0,0,0,0,355906.8966,1060661.379,1901895.862,2647829.655,3215515.862,3701431.724,4125578.621,4467955.172,4762093.103,4926222.069,5056231.034,5152120,7451102.069,21756794.48,38553246.9,50792914.48,65160375.86,76374090.34,92999354.48,111895951.7,133570387.6,161628204.8,192778000,229483472.4,270704550.3,311323233.8,352037806.2,395256669,443408224.8,497881393.1,552812828.3,607915451.7,667013644.8,732269321.4,797689126.9,861090557.9,931963092.4,1011230323,1104269681,1198184981,1290669594,1376493159,1458927079,1534228743,1612704154,1698685378,1795832666,1874402790,1957855603,2054272841,2164025115,2268827637,2366262003,2450574876,2538773899,2620420118,2701753374,2796169297,2912007873,3029867766,3137661081,Congo,https://public.flourish.studio/country-flags/svg/cd.svg
Croatia,Europe,0,0,0,0,0,0,0,0,0,0,0,0,0,0,0,0,0,0,0,0,0,0,0,0,0,0,0,0,0,0,0,0,0,0,0,0,0,0,0,0,0,0,0,0,0,0,0,0,0,0,0,0,0,0,0,0,0,0,0,0,0,0,0,0,0,0,0,0,0,0,0,0,0,0,0,0,0,0,0,0,0,0,0,0,0,0,0,0,0,0,0,0,14887497.24,30007951.72,46229070.34,60184150.34,72865024.83,85500602.07,98842110.34,109818749.7,120385949,130344871,139893764.8,149407362.1,158227382.1,166439713.1,173952584.1,180857766.2,187257031,194341049,201059159.3,207146637.9,212597013.8,218092686.9,223405406.2,228508111,233777886.2,233777886.2,233777886.2,233777886.2,233777886.2,Croatia,https://public.flourish.studio/country-flags/svg/hr.svg
Cuba,North America,0,0,0,0,0,0,0,0,0,0,0,0,0,0,0,0,0,0,0,0,0,0,0,0,0,0,0,0,0,0,0,0,0,0,0,0,0,0,0,0,0,0,0,0,0,0,82358.62069,198837.2414,287666.8966,349435.8621,451795.8621,540625.5172,642985.5172,786524.8276,882413.7931,1231261.379,1717177.241,2107204.138,2421931.724,2599591.034,2695480,2763720,2846078.621,3058446.207,3311404.828,3701431.724,4173228.966,4966813.103,6321612.414,7731121.379,8818843.448,9640076.552,10406600,11350782.76,12500273.79,14046262.76,15654020.69,17405317.93,19047195.86,20689073.79,22982761.38,26478884.83,30780946.21,35888945.52,42219970.34,49612244.83,57408076.55,65203908.28,71809069.66,78395994.48,84580538.62,90765082.76,97773801.38,106374394.5,116585686.9,127508204.8,140169666.2,152988197.2,166154399.3,182002551,198831358.6,218964511.7,238008766.2,260222062.8,283611911,304658656.6,325453620,345803846.9,366898831,386321346.9,407663995.2,429811993.1,450839913.8,470974243.4,491108573.1,511242902.8,531364878.6,531364878.6,531364878.6,531364878.6,531364878.6,Cuba,https://public.flourish.studio/country-flags/svg/cu.svg
Denmark,Europe,0,0,0,0,0,0,0,0,0,0,0,0,0,0,0,0,0,0,0,0,0,0,0,0,0,0,0,0,0,0,0,0,0,0,0,0,0,0,0,0,0,0,0,0,0,0,0,0,0,0,0,0,0,0,0,0,0,0,0,0,0,0,0,0,0,0,0,0,0,0,0,0,668869.6552,1668938.621,2335455.172,3335524.138,4672675.172,8006434.483,10673677.24,13340920,15346940.69,20347873.79,31683361.38,46019644.14,61732492.41,81736813.1,106408514.5,137415358.6,169509924.8,206851323.4,247193517.2,294536782.1,347024519.3,403036617.2,464716753.1,526729853.1,596268177.9,672951113.1,752301291,851989342.1,973347122.8,1089372183,1213065419,1335758586,1466142871,1592828666,1708033081,1811813179,1907838625,1996115889,2079286919,2154138551,2222417966,2281823239,2337448839,2390060114,2437433970,2483525972,2522159812,2556485709,2580567958,Denmark,https://public.flourish.studio/country-flags/svg/dk.svg
Ecuador,South America,0,0,0,0,0,0,0,0,0,0,0,0,0,0,0,0,0,54709.65517,109419.3103,164128.9655,218838.6207,273548.2759,328257.931,410616.5517,506505.5172,663575.1724,868883.4483,1388919.31,2442521.379,3783202.069,5295071.034,7005777.241,8558825.517,10132463.45,11719631.72,13395629.66,15256346.21,17206480.69,19238385.52,21325000,23445734.48,24848184.14,26907737.93,28994352.41,31608062.07,33968224.83,36068369.66,38196163.45,40508675.86,42821188.28,45195469.66,47637991.03,50203462.07,52878352.41,55717371.72,58905826.9,61991333.79,64871532.41,67676431.72,70166603.45,72629714.48,75270484.83,77596527.59,79820210.34,82344502.07,85278233.79,87844881.38,90045033.1,91883395.17,93349966.9,94816538.62,96283110.34,124963911.7,201603314.5,266508378.6,325546567.6,394674275.9,461994800.7,536498173.8,615401850.3,690844700,768648300.7,846451901.4,934156184.8,1029553352,1133705828,1242258608,1306494214,1419389059,1523658602,1629860043,1741410089,1860835972,1988951277,2129900997,2273569140,2416743719,2560993667,2700843311,2839959375,2987687210,3137578134,3281753371,3435462794,3629304986,3824817880,4021680279,4209524998,4395541943,4574210735,4752887763,4936307470,5121703197,5314930639,5519017066,5718167859,5919811764,6114642259,6304312397,6499029354,6675294451,Ecuador,https://public.flourish.studio/country-flags/svg/ec.svg
Egypt,Africa,0,0,0,0,0,0,0,0,0,0,0,20589.65517,212367.5862,301197.2414,985362.069,1190670.345,1587756.552,2524880,4454424.828,5986883.448,6999306.207,8251157.241,9434768.276,10481311.03,11596682.07,12827943.45,14011554.48,15277524.14,17111180,18971896.55,20922031.03,22899226.21,24753471.72,26381819.31,27893688.28,29139068.28,30390919.31,31561000,33106988.97,37663773.79,44019506.21,52373023.45,60460051.72,69251834.48,78508355.17,87744874.48,96516067.59,105642579.3,118511702.1,134172193.8,152008129.7,167962759.3,184054457.2,200139095.9,213617084.1,226075590.3,237904641.4,254304007.6,276087862.8,297673469,320380917.2,346509189.7,378904364.8,417545853.1,461024733.8,505344849,548153095.2,586336316.6,645017422.1,729135575.9,841366256.6,943662722.8,1017005428,1075015899,1126006474,1206286128,1319925729,1462916178,1635257474,1814098043,2017842093,2237814910,2465737686,2714978992,3001206377,3309538817,3590969989,3907389457,4210022679,4514619567,4825907504,5136641286,5451254746,5776417758,6094533813,6413272264,6721693533,7021303018,7315233876,7598211037,7864467634,8121714197,8376501179,8630138082,8868505697,9095424286,9322305226,9553621178,9790713999,10031950634,10271613632,10508327603,10745911046,10980997257,11221413837,11463820553,11695307693,11915458169,12140165430,12357812204,12563074006,Egypt,https://public.flourish.studio/country-flags/svg/eg.svg
Equatorial Guinea,Africa,0,0,0,0,0,0,0,0,0,0,0,0,0,0,0,0,0,0,0,0,0,0,0,0,0,0,0,0,0,0,0,0,0,0,0,0,0,0,0,0,0,0,0,0,0,0,0,0,0,0,0,0,0,0,0,0,0,0,0,0,0,0,0,0,0,0,0,0,0,0,0,0,0,0,0,0,0,0,0,0,0,0,0,0,0,0,0,0,0,0,0,0,679458.6207,2373693.103,4067927.586,6439855.862,12215548.28,32545773.79,60668889.66,94552402.76,133529208.3,197533033.8,273487683.4,360528391.7,473837970.3,593351506.2,711341995.9,832642713.8,952923361.4,1059936623,1158833443,1255807190,1359549638,1450097059,1540949206,1623761388,1694532739,1755872851,1811447272,1862042526,1913286059,Equatorial Guinea,https://public.flourish.studio/country-flags/svg/gq.svg
France,Europe,0,0,0,0,0,0,0,0,0,0,0,0,0,376496.5517,376496.5517,376496.5517,376496.5517,376496.5517,732403.4483,1060661.379,1437157.931,1820125.517,2298982.069,2777838.621,3284344.138,3729080.69,4187347.586,4686793.793,5193299.31,5706275.862,6226311.724,6732817.241,7245793.793,7786419.31,8319985.517,8840021.379,9318877.931,9797734.483,10290121.38,10768977.93,11240775.17,11637861.38,12082597.93,12547924.14,12951481.38,13149730.34,13505637.24,13848013.79,14203920.69,14601006.9,15476949.66,17467675.17,19862546.21,22373307.59,25828251.72,31835136.55,40482791.72,50136398.62,59618817.24,70688404.14,84214631.03,99013298.62,115227946.2,132482665.5,151954008.3,172465422.8,192525041.4,211900495.2,230290586.9,247387648.3,263185208.3,275917262.8,286070315.9,294649731,302038475.9,309071902.1,316303577.2,323364064.1,330923997.2,339113385.5,355951017.2,375976515.9,394068351.7,412530213.1,431042666.2,454220735.2,480267237.2,507609711,535767535.2,563109420.7,588696479.3,613268173.8,638366963.4,662288613.1,686636174.5,708527095.9,727849604.8,743767761.4,758009920,771213771.7,783901705.5,796153726.9,808035134.5,818398790.3,828431246.9,837147142.1,845370650.3,852979410.3,860484633.8,867470409.7,874432066.2,881299010.3,887600033.1,893791636.6,899737340.7,906010714.5,912207024.1,912207024.1,912207024.1,912207024.1,912207024.1,France,https://public.flourish.studio/country-flags/svg/fr.svg
Gabon,Africa,0,0,0,0,0,0,0,0,0,0,0,0,0,0,0,0,0,0,0,0,0,0,0,0,0,0,0,0,0,0,0,0,0,0,0,0,0,0,0,0,0,0,0,0,0,0,0,0,0,0,0,0,0,0,0,0,0,1183611.034,4638555.172,9790086.897,15263405.52,20559064.83,26217102.07,32292226.9,39530961.38,48185675.86,58085770.34,81655042.76,113407232.4,147800192.4,184902162.8,224549602.8,267672576.6,319648513.8,389446856.6,466859842.1,544334596.6,621419324.1,693940795.9,760975418.6,821831968.3,874184402.1,927494549,981331202.8,1041058851,1100074686,1156826246,1209705187,1270541147,1340510678,1432825279,1533452219,1632327861,1736477984,1851670634,1973150776,2098011151,2222487970,2337755919,2453892752,2548436919,2637940150,2725393239,2818995577,2912512026,3004860747,3087511152,3171396349,3253462597,3335791803,3415454356,3496171687,3571925734,3644827821,3716875730,3789824290,3865410679,3937172099,4003256656,4077670611,4148578442,Gabon,https://public.flourish.studio/country-flags/svg/ga.svg
Georgia,Asia,0,0,0,0,0,0,0,0,0,0,0,0,0,0,0,0,0,0,0,0,0,0,0,0,0,0,0,0,0,0,0,0,0,0,0,0,0,0,0,0,0,0,0,0,0,0,0,0,0,0,0,0,0,0,0,0,0,0,0,0,0,0,0,0,0,0,0,0,0,0,0,0,0,0,0,0,0,0,0,0,0,0,0,0,0,0,0,0,0,0,0,0,1077133.103,1817772.414,2487818.621,2858432.414,3304345.517,4295002.069,5106822.759,5921584.828,6664577.241,7405216.552,7953489.655,8990620,9733612.414,10474251.72,10844865.52,11215479.31,11586681.38,11957295.17,12327908.97,12698522.76,13069724.83,13440338.62,13810952.41,14106855.17,14255688.97,14255688.97,14255688.97,14255688.97,14255688.97,Georgia,https://public.flourish.studio/country-flags/svg/ge.svg
Germany,Europe,342376.5517,643573.7931,985950.3448,1417156.552,2033081.379,2573706.897,3127862.759,3853206.897,4817979.31,5755102.759,6712815.862,7649939.31,8573532.414,9401236.552,10153641.38,10830746.9,11467261.38,12089657.24,12349675.17,12602633.79,12842062.07,13102080,13389158.62,13738006.21,14141563.45,14682188.97,15332233.79,15995808.97,16625264.14,17330018.62,18520688.97,20087267.59,21660905.52,23296312.41,25471756.55,28393134.48,31437462.07,34522968.97,38689726.9,43752428.97,50977044.83,57148058.62,62238409.66,67102862.76,72042615.17,75757577.24,80204942.76,84152862.07,88497279.31,94257676.55,101913498.6,111265908.3,123273206.9,138249533.8,156489615.2,178020511.7,202034520.7,229161685.5,259524955.9,294485602.1,332319975.9,374785845.5,421350233.1,472101380,525007969.7,579494668.3,633871947.6,688652784.1,743810117.2,798276814.5,850444529.7,901859840,951112648.3,996965222.1,1039691110,1079352080,1117508241,1154918468,1189982062,1223054343,1257863802,1291457295,1323184189,1353791594,1383734835,1414342240,1444576090,1472570373,1502064760,1530395537,1557196209,1583696860,1607275545,1630043586,1651905681,1673927200,1696131672,1717033114,1739054632,1759583107,1783468283,1807678188,1833380549,1860365939,1885779457,1910759414,1935973506,1960726390,1983182644,2003711119,2022000027,2041035457,2060122656,2079368689,2097316986,2115255870,2132691778,2132691778,2132691778,2132691778,2132691778,Germany,https://public.flourish.studio/country-flags/svg/de.svg
Ghana,Africa,0,0,0,0,0,0,0,0,0,0,0,0,0,0,0,0,0,0,0,0,0,0,0,0,0,0,0,0,0,0,0,0,0,0,0,0,0,0,0,0,0,0,0,0,0,0,0,0,0,0,0,0,0,0,0,0,0,0,0,0,0,0,0,0,0,0,0,0,0,0,0,0,0,0,0,0,0,0,137068.2759,274136.5517,1019482.069,1763062.759,2506643.448,3250224.138,3995569.655,4366771.724,4479132.414,4479132.414,4479132.414,4479132.414,4479132.414,4479132.414,4891513.793,5489790.345,6013355.862,7508753.103,9758320,11627860.69,13497401.38,15740497.24,18364795.86,20982035.17,23599274.48,26216513.79,28840812.41,31083908.28,33327004.14,35570100,37819666.9,40062762.76,42750595.17,71356685.52,100732240.7,137339471,176603355.2,214871876.6,251747360.7,251747360.7,251747360.7,251747360.7,251747360.7,Ghana,https://public.flourish.studio/country-flags/svg/gh.svg
Greece,Europe,0,0,0,0,0,0,0,0,0,0,0,0,0,0,0,0,0,0,0,0,0,0,0,0,0,0,0,0,0,0,0,0,0,0,0,0,0,0,0,0,0,0,0,0,0,0,0,0,0,0,0,0,0,0,0,0,0,0,0,0,0,0,0,0,0,0,0,0,0,0,0,0,0,0,0,0,0,0,0,0,0,2986676.552,11081352.41,20550828.97,30795064.83,40638096.55,50481128.28,59950604.83,68321770.34,75176948.97,81285605.52,87512505.52,92582855.17,96867268.28,100921077.2,104433084.1,107682720,111275909,113852557.2,114132576.6,116139773.8,118206975.2,119616484.1,120796565.5,121934879.3,122930830.3,123616760,124082086.2,124456229.7,124892142.1,125763378.6,126416953.1,127041702.1,127507028.3,127940587.6,128342380,129529520.7,129529520.7,129529520.7,129529520.7,129529520.7,Greece,https://public.flourish.studio/country-flags/svg/gr.svg
Guatemala,North America,0,0,0,0,0,0,0,0,0,0,0,0,0,0,0,0,0,0,0,0,0,0,0,0,0,0,0,0,0,0,0,0,0,0,0,0,0,0,0,0,0,0,0,0,0,0,0,0,0,0,0,0,0,0,0,0,0,0,0,0,0,0,0,0,0,0,0,0,0,0,0,0,0,0,0,0,88829.65517,136480,341788.2759,875354.4828,2752542.759,4625024.828,6871650.345,9491242.759,11368431.03,12492037.93,14364520,15862270.34,16988818.62,18487157.24,19985495.86,21633844.83,23436910.34,26058855.86,29164952.41,32734022.07,37553177.93,43546532.41,52448911.03,61064211.03,68831217.24,76727055.86,83466932.41,91705147.59,99146248.97,105571397.9,113117212.4,119042326.9,124873317.2,129933666.2,134411033.8,138510728.3,142478649,146219495.2,149984460.7,153744720,157116129,157116129,157116129,157116129,157116129,Guatemala,https://public.flourish.studio/country-flags/svg/gt.svg
Hungary,Europe,13530.34483,34120,61768.96552,82358.62069,95888.96552,130008.9655,150598.6207,164128.9655,177659.3103,198248.9655,218838.6207,232368.9655,252958.6207,266488.9655,294137.931,341788.2759,382967.5862,444736.5517,444736.5517,444736.5517,444736.5517,444736.5517,444736.5517,444736.5517,444736.5517,444736.5517,444736.5517,444736.5517,444736.5517,444736.5517,444736.5517,444736.5517,444736.5517,444736.5517,444736.5517,444736.5517,444736.5517,458266.8966,752404.8276,1737766.897,3475533.793,6362791.724,10919576.55,16659972.41,22359188.97,26840674.48,31527468.28,35427148.97,38745613.1,42207616.55,45710799.31,49124564.14,53216022.76,59004068.97,67330525.52,78284222.07,86507730.34,91125695.86,96804322.76,103892458.6,112218915.2,122187249.7,133414494.5,145428264.1,157750290.3,170085846.9,181750769,193285682.1,205648299.3,217648538.6,230900629,244276257.2,257802484.1,271410481.4,285073188.3,298797664.1,313452204.1,328442061.4,343493687.6,357361702.8,377900177.9,398383943.4,420323691.7,441869883.4,463750804.1,485221108.3,506691412.4,526545722.8,548308988.3,566622015.9,586509269.7,603482793.1,620108057.2,636528601.4,654655145.5,671469246.2,686996787.6,705073328.3,719726691.7,733507642.1,748198655.2,762639062.8,774069262.8,785704771,798423883.4,809559357.2,820165971,829257774.5,838612537.2,847846115.2,856047269,863367185.5,870677101.4,877886422.1,884345102.8,891002032.4,898400777.9,898400777.9,898400777.9,898400777.9,898400777.9,Hungary,https://public.flourish.studio/country-flags/svg/hu.svg
India,Asia,985362.069,2291922.759,3769671.724,6061594.483,9147101.379,12916773.1,16584084.83,20545534.48,25149969.66,31239213.1,36835481.38,42719416.55,49212217.24,56443892.41,63196711.03,70681344.83,78425996.55,85794740,93094655.17,101058145.5,109062815.2,117738119.3,126208115.2,134555161.4,142915737.9,151132775.2,158658588.3,166307351,167483902.8,168899882.8,170364101.4,172005979.3,173641386.2,175173844.8,176979851.7,178895277.9,180701284.8,182678480,184956872.4,187084666.2,189608957.9,192256787.6,194808728.3,197313018.6,199857900,202019813.8,204024657.9,205728304.8,207445482.1,209176189.7,210948076.6,212788203.4,214587739.3,216448455.9,218548600.7,220922882.1,223631892.4,226642100,229645836.6,232724872.4,235830969,239340622.8,246715837.2,258018381.4,273152366.2,293827909.7,325621278.6,364392775.9,404436713.8,450432826.9,497017804.1,546175311.7,596618790.3,645865127.6,697109249.7,753778451.7,813020184.1,882702636.6,959815013.1,1047655188,1111959623,1214413159,1350431950,1523908619,1716801921,1923433230,2139779914,2349709097,2570598447,2806286465,3040072587,3260236593,3459916834,3650627632,3872146438,4122872552,4360961912,4604422230,4841793306,5078610225,5312348108,5546175410,5787288508,6029400498,6277991759,6516936472,6763543478,7012860083,7271426737,7531395253,7813750019,8107122014,8398224442,8688793303,8973682950,9255367081,9530557823,9807218666,10077789677,10335155073,10575623420,India,https://public.flourish.studio/country-flags/svg/in.svg
Indonesia,Asia,2127793.793,5918055.172,8217037.241,13662706.9,19806660,27215994.48,34947115.86,44374824.83,54090200.69,64516802.07,74936932.41,86369485.52,96761966.9,107202098.6,117936368.3,128869475.2,140705585.5,152958783.4,165027262.8,179805340.7,195985868.3,212125216.6,228422222.8,247804735.9,267823175.2,288799915.9,309454869.7,334727789,364201586.2,400045234.5,434465843.4,465923895.2,500604522.1,538473015.9,579899402.1,621510506.9,665557073.8,715241088.3,765855755.2,820240093.8,874556192.4,921661205.5,942753836.6,985192645.5,1004752818,1011430337,1013496362,1021111005,1050851879,1093256568,1141675201,1198837379,1258913874,1330662352,1408171226,1491666984,1581244926,1689342969,1801388931,1927603517,2069971570,2215589259,2371305292,2523702860,2680506614,2848368190,3012085363,3188236334,3395694170,3617437108,3912403920,4220495754,4594889808,5057027560,5531945017,5983030241,6503858511,7084965055,7646696146,8190914263,8731644494,9278716926,9734260106,10217853454,10730241142,11184114794,11665559760,12143273291,12603646215,13093715893,13602963953,14157175701,14682137785,15207925220,15734324462,16257399946,16782334381,17300323631,17807977463,18277343360,18768643711,19235072347,19668345167,20062748248,20442802692,20810304506,21153932320,21481200183,21819363503,22150549871,22483208106,22800022306,23105083344,23397508804,23677768719,23955400806,24247992748,24528283253,24798692489,25059898737,25308915322,Indonesia,https://public.flourish.studio/country-flags/svg/id.svg
Iran,Asia,0,0,0,0,0,0,0,0,0,0,0,0,0,0,0,0,0,0,0,0,0,0,0,0,0,0,0,0,0,0,0,0,0,0,0,0,0,0,0,0,0,0,0,0,0,0,0,0,0,0,0,0,0,0,0,0,0,0,0,0,0,0,0,0,0,654486310.3,1385809684,2278696552,3255548623,4413591423,5731203463,7295783123,9031584001,11052449832,13126818176,14970436490,17002174835,18956340184,20768145716,21866128493,22373491716,22826133519,23647763708,24488154015,25189547678,25944530919,26647167020,27445762680,28248857474,29232950044,30346694495,31539678529,32741611415,34002486013,35268085055,36536913142,37813850613,39092983528,40398284720,41616901109,42928207420,44226786383,45452281482,46834908594,48263668299,49685849315,51126849275,52585869891,54059735059,55477456355,56928108158,58382151960,59616924169,60777760692,61968525749,63201684318,64680468649,66263430753,67759476862,68838848355,69815400993,Iran,https://public.flourish.studio/country-flags/svg/ir.svg
Iraq,Asia,0,0,0,0,0,0,0,0,0,0,0,0,0,0,0,0,0,0,0,0,0,0,0,0,0,0,0,307668.2759,950653.7931,1778357.931,2606062.069,3427295.172,4262058.621,5048583.448,11438435.86,35781291.03,62422540,90562127.59,118872903.4,145986537.9,163138309,173859048.3,191613213.8,216051369.7,244539804.8,276059037.2,308077715.9,340246993.1,363686256.6,391511116.6,436556575.9,495340041.4,622054073.8,814892666.2,1024418292,1251841622,1467182943,1617685674,1862733161,2149672361,2474425344,2809522570,3145912827,3533622505,3955253346,4397739742,4866849739,5280691219,5788596245,6301179828,6823199357,7394084608,7889486418,8569560963,9235096271,9999329561,10817080071,11610658326,12476663341,13651027267,14547783226,14852265400,15184113578,15555986282,15970169550,16447982500,17085554703,17887779437,18823027462,19773791851,20494223885,20589616346,20768502211,20921289806,21090927387,21268990255,21464434321,21855396576,22568197496,23445793898,24326967606,25174457814,25885124469,26336840914,27020636893,27635931088,28306559688,29025544564,29841882624,30661084411,31487648471,32416751954,33451996875,34491483853,35578005251,36916340484,38405098444,39926556895,41479696353,43082148036,44464419829,Iraq,https://public.flourish.studio/country-flags/svg/iq.svg
Israel,Asia,0,0,0,0,0,0,0,0,0,0,0,0,0,0,0,0,0,0,0,0,0,0,0,0,0,0,0,0,0,0,0,0,0,0,0,0,0,0,0,0,0,0,0,0,0,0,0,0,0,0,0,0,0,0,0,7059.310345,150598.6207,520035.8621,1128901.379,2004844.138,2887257.931,3810851.034,4734444.138,5767456.552,7128726.897,8524705.517,9810676.552,10727210.34,11534324.83,12211430.34,12738525.52,13169731.72,13497989.66,13765066.9,14038615.17,14278043.45,14524531.03,14688660,14852788.97,14996328.28,28097820,41536982.07,41909948.97,42282915.86,42657647.59,43030614.48,43403581.38,43515942.07,43665364.14,43777136.55,43851847.59,43926558.62,44001269.66,44075980.69,44113042.07,44150103.45,44224814.48,44336586.9,44411297.93,44486008.97,44516011.03,44546013.1,44583074.48,44605428.97,44633666.21,44670727.59,44707788.97,44744850.34,44782500,44819561.38,44856622.76,45001926.9,45147819.31,45293123.45,45438427.59,45583731.72,45729624.14,45729624.14,45729624.14,45729624.14,45729624.14,Israel,https://public.flourish.studio/country-flags/svg/il.svg
Italy,Europe,13530.34483,27060.68966,47650.34483,61180.68966,88829.65517,130008.9655,177659.3103,232368.9655,280019.3103,321198.6207,368848.9655,437088.9655,484739.3103,532389.6552,573568.9655,614748.2759,662398.6207,703577.931,737697.931,771817.931,805937.931,833586.8966,861235.8621,895355.8621,929475.8621,984185.5172,1018305.517,1059484.828,1100664.138,1141843.448,1196553.103,1305972.414,1490691.034,1675409.655,1812477.931,1921897.241,2031316.552,2127205.517,2216035.172,2298393.793,2305453.103,2387811.724,2476641.379,2551940.69,2599591.034,2647241.379,2722540.69,2790780.69,2852549.655,2914318.621,2969028.276,3091977.931,3529655.172,4111460,4603846.897,5999825.517,9892446.897,18526571.72,29103771.72,40700453.79,54370220,67861738.62,80217884.83,92423432.41,110683515.2,126268707.6,138926051,150713922.8,161845278.6,172730146.9,183006149.7,192262670.3,200540888.3,208100821.4,215654283.4,224103689.7,232950182.1,241474887.6,251662060.7,263409341.4,275087793.8,285261436.6,297323444.8,312655678.6,328206751,344517287.6,362018494.5,388940351,422033221.4,453532452.4,485469360.7,515107286.9,545901763.4,577646893.8,611136850.3,646959909,684260716.6,724954699.3,763418528.3,797729129.7,829104822.8,857347358.6,895188791.7,933296713.8,970713411.7,1012522766,1051991958,1092088252,1127911311,1159193468,1194128230,1230436617,1267359751,1305001170,1344444479,1381869412,1407590598,1435971379,1468018883,1497291490,1534386989,Italy,https://public.flourish.studio/country-flags/svg/it.svg
Japan,Asia,780053.7931,1771886.897,2846078.621,3707902.759,4973872.414,6178073.103,7738180.69,9571836.552,11460202.07,13293857.93,15052214.48,16967640.69,18568339.31,20436115.17,22974525.52,25793543.45,28646681.38,31403930.34,33757622.07,35912476.55,38053800.69,40092764.83,42042899.31,43760076.55,45484313.1,47304438.62,49001026.21,50697613.79,52483031.03,54384926.9,56314471.72,58182247.59,59728236.55,61110096.55,62847863.45,64996246.9,67404648.28,69819520.69,72227922.07,74431015.17,76469979.31,78235395.17,79850212.41,81519739.31,83086317.93,84598186.9,85911806.9,87150127.59,88237849.66,89565000,91569844.14,93868826.21,95962500,97987345.52,100039840,102188223.4,104308957.9,106504991.7,109015753.1,111793591.7,115392075.2,119887091,124840373.8,130368402.1,135082256.6,139707281.4,145057650.3,150448610.3,155538961.4,160663432.4,165931442.8,171076503.4,175975076.6,180764230.3,185361606.2,189507774.5,193475695.2,197533033.8,201234465.5,204532340,208533204.1,211408108.3,215027181.4,218646254.5,221738820.7,225936757.2,230850037.2,235445648.3,240025964.1,244222135.9,248418307.6,254100464.1,260543261.4,266146589,271291061.4,276522598.6,281932971.7,286809190.3,291624816.6,296038062.1,300832510.3,305638724.1,310386698.6,315242327.6,320483865.5,326199553.8,331971716.6,337958011.7,344175499.3,349920013.1,355403332.4,360663695.2,365735221.4,370739095.9,375502365.5,380077975.2,383724109,383724109,383724109,383724109,383724109,Japan,https://public.flourish.studio/country-flags/svg/jp.svg
Jordan,Asia,0,0,0,0,0,0,0,0,0,0,0,0,0,0,0,0,0,0,0,0,0,0,0,0,0,0,0,0,0,0,0,0,0,0,0,0,0,0,0,0,0,0,0,0,0,0,0,0,0,0,0,0,0,0,0,0,0,0,0,0,0,0,0,0,0,0,0,0,0,0,0,0,0,0,0,0,0,0,0,0,0,0,0,0,0,0,376496.5517,564744.8276,752993.1034,828292.4138,940653.1034,1053013.793,1053013.793,1053013.793,1053013.793,1053013.793,1053013.793,1053013.793,1053013.793,1053013.793,1068308.966,1083604.138,1091251.724,1098899.31,1106546.897,1114194.483,1121842.069,1129489.655,1137137.241,1144784.828,1152432.414,1158903.448,1167139.31,1175375.172,1183611.034,1191846.897,1200082.759,1200082.759,1200082.759,1200082.759,1200082.759,Jordan,https://public.flourish.studio/country-flags/svg/jo.svg
Kazakhstan,Asia,0,0,0,0,0,0,0,0,0,0,0,0,0,0,0,0,0,0,0,0,0,0,0,0,0,0,0,0,0,0,0,0,0,0,0,0,0,0,0,0,0,0,0,0,0,0,0,0,0,0,0,0,0,0,0,0,0,0,0,0,0,0,0,0,0,0,0,0,0,0,0,0,0,0,0,0,0,0,0,0,0,0,0,0,0,155031867.6,314374032.4,478984207.6,649751866.2,823529732.4,1000044258,1182032102,1358546628,1515904538,1654872357,1796036209,1953127042,2129498028,2307004387,2513150368,2754777030,3029065357,3352477072,3704468404,4111555889,4532270784,4977426777,5437053767,5920945372,6444294992,6989495530,7537265658,8079667180,8642791896,9197711928,9746234461,10283918598,10879006106,11498044678,12120934692,12710087085,Kazakhstan,https://public.flourish.studio/country-flags/svg/kz.svg
Kuwait,Asia,0,0,0,0,0,0,0,0,0,0,0,0,0,0,0,0,0,0,0,0,0,0,0,0,0,0,0,0,0,0,0,0,0,0,0,0,0,0,0,0,0,0,0,0,0,0,5473318.621,20524944.83,64311493.79,148997333.8,266605444.1,458288074.5,714070419.3,1008357184,1336175085,1713191084,2092950802,2493474893,2984356980,3477318622,4057627464,4652187877,5323627710,6043307928,6835523736,7649757533,8508770889,9373502874,10284319214,11248362166,12286917315,13399024006,14543968845,15596217291,16484745035,17212353447,17964324715,18653824028,19398056528,20284868860,20878953946,21280038075,21571932322,21948261215,22363734573,22743374282,23149735835,23506288658,23937628992,24405670680,24725838053,24788897696,25158042564,25818822250,26525955720,27243568737,27962803042,28681957929,29434561594,30136215863,30888033591,31616898560,32292578685,33083500286,33926985513,34819212335,35734328384,36623947380,37555934003,38383971105,39228200500,40192122855,41245518440,42281551650,43309338409,44323591882,45368546296,46360371752,47365061036,48346015742,49236437146,Kuwait,https://public.flourish.studio/country-flags/svg/kw.svg
Kyrgyzstan,Asia,0,0,0,0,0,0,0,0,0,0,0,0,0,0,0,0,0,0,0,0,0,0,0,0,0,0,0,0,0,0,0,0,0,0,0,0,0,0,0,0,0,0,0,0,0,0,0,0,0,0,0,0,0,0,0,0,0,0,0,0,0,0,0,0,0,0,0,0,0,0,0,0,0,0,0,0,0,0,0,0,0,0,0,0,0,0,0,0,0,0,0,0,805937.931,1535988.276,2123675.862,2853726.207,3585541.379,4241468.966,4860335.172,5445081.379,6188073.793,6928713.103,7491693.103,8002904.828,8522940.69,9263580,10004219.31,10374833.1,10746035.17,11116648.97,11487262.76,11857876.55,12229078.62,12599692.41,12970306.21,13340920,13712122.07,13712122.07,13712122.07,13712122.07,13712122.07,Kyrgyzstan,https://public.flourish.studio/country-flags/svg/kg.svg
Libya,Africa,0,0,0,0,0,0,0,0,0,0,0,0,0,0,0,0,0,0,0,0,0,0,0,0,0,0,0,0,0,0,0,0,0,0,0,0,0,0,0,0,0,0,0,0,0,0,0,0,0,0,0,0,0,0,0,0,0,0,0,0,0,5993354.483,66069850.34,218447417.2,501753424.8,898444310.3,1388780477,1952276395,2799673068,3810259229,4901809209,5795904396,6526727147,7242586513,7746033584,8235429098,8875068502,9556671388,10211061221,10902574202,11506604680,11911049042,12290031647,12661735515,12991800630,13322875226,13666290673,13989871222,14329988795,14705494690,15165541121,15630039624,16106896626,16559279587,17021092022,17485590525,17954832884,18434368895,18910498200,19368743918,19844229061,20302967166,20744622329,21222029957,21745593710,22306378853,22908227415,23521152624,24124874846,24683838098,25262546242,25429040076,25925521373,26263182305,26430007339,26569954637,26702177284,27001535575,27377437380,27798500535,27923732112,Libya,https://public.flourish.studio/country-flags/svg/ly.svg
Lithuania,Europe,0,0,0,0,0,0,0,0,0,0,0,0,0,0,0,0,0,0,0,0,0,0,0,0,0,0,0,0,0,0,0,0,0,0,0,0,0,0,0,0,0,0,0,0,0,0,0,0,0,0,0,0,0,0,0,0,0,0,0,0,0,0,0,0,0,0,0,0,0,0,0,0,0,0,0,0,0,0,0,0,0,0,0,0,0,0,0,0,0,0,0,0,0,592393.7931,1666585.517,2851961.379,3969097.241,5389195.172,7416982.069,9139453.793,11361960,14900439.31,18174194.48,21047333.79,23315725.52,24939955.17,26300048.97,27443068.97,28557263.45,29297902.76,30038542.07,30779181.38,31522173.79,32262813.1,33003452.41,33744091.72,34487084.14,34487084.14,34487084.14,34487084.14,34487084.14,Lithuania,https://public.flourish.studio/country-flags/svg/lt.svg
Malaysia,Asia,0,0,0,0,0,0,0,0,0,0,0,0,41179.31034,178247.5862,492975.1724,875942.7586,1498338.621,2031904.828,2531351.034,3119626.897,4125578.621,5514497.931,8319397.241,12198488.28,16317007.59,20510826.21,25388809.66,30260322.07,35398323.45,40598093.79,45380188.28,48999261.38,51332363.45,53562517.24,55492062.07,57257477.93,58803466.9,60260626.21,61649545.52,62799036.55,63832048.97,64570923.45,64570923.45,64570923.45,64570923.45,64570923.45,64570923.45,64742111.72,65063898.62,65460984.83,65858071.03,66213977.93,66562825.52,66905202.07,67391117.93,67849384.83,68341771.72,68800038.62,69197124.83,69580092.41,69990708.97,70401325.52,70798411.72,71154318.62,71489635.86,71816717.24,72143798.62,72470880,73782146.9,76724114.48,82607461.38,105160781.4,135641706.9,165386111,191861466.2,223893675.2,278628626.2,338443927.6,409045266.9,501219270.3,591679626.2,676336052.4,775701140,901541582.8,1047719899,1193172282,1356601788,1518069981,1694066824,1885450610,2087621023,2298141423,2512039703,2721233541,2934102926,3162087472,3393292828,3622471573,3855245861,4077005859,4306553454,4529495299,4763604972,5005894034,5254294105,5487960807,5708092458,5936147597,6165939914,6383510800,6609766403,6812720399,7018445762,7214901074,7418759250,7638982672,7866830738,8091610357,8315252838,8521964740,8708352888,Malaysia,https://public.flourish.studio/country-flags/svg/my.svg
Mexico,North America,0,13530.34483,47650.34483,115890.3448,245899.3103,492386.8966,984773.7931,2038375.862,5869816.552,8606475.862,12164368.28,24985840.69,40092176.55,63743807.59,83071611.03,113092504.8,150146824.8,206604247.6,271641085.5,360336025.5,527341071.7,725598273.1,912457629.7,1067790694,1213976070,1334567327,1428694994,1495250761,1544401209,1588194817,1626932194,1659313839,1691462527,1724781295,1762191522,1801920732,1842135859,1888050201,1925747507,1967741579,2010851023,2052995694,2087080986,2121501594,2158904762,2201535349,2249741614,2304837179,2362115246,2415603052,2485080197,2559243546,2634365197,2703876461,2784129054,2869889086,2956866849,3041552689,3131281230,3223752901,3318776512,3421216518,3528493916,3638685632,3749568573,3873087091,3999585814,4139591940,4289428743,4446547226,4611971574,4776905301,4948614201,5125535226,5347315226,5622039465,5928365883,6300316828,6756602411,7308449290,8041791039,8917490251,9950668559,10957243266,11971936770,12969817349,13906314284,14884911180,15861152032,16839954237,17833147434,18878669534,19925658794,20974324640,22029122086,23056828840,24167636618,25328113704,26514963197,27647202454,28812484577,30015706376,31232294391,32519893773,33820098730,35096007306,36344916961,37523262926,38596692245,39600116736,40596264255,41585009498,42569230312,43539688412,44477662507,45350075611,46180313453,46929280396,47629117481,48278515793,48928835346,Mexico,https://public.flourish.studio/country-flags/svg/mx.svg
Mongolia,Asia,0,0,0,0,0,0,0,0,0,0,0,0,0,0,0,0,0,0,0,0,0,0,0,0,0,0,0,0,0,0,0,0,0,0,0,0,0,0,0,0,0,0,0,0,0,0,0,0,0,0,0,0,0,0,0,137068.2759,274136.5517,431206.2069,670634.4828,910062.7586,1108311.724,1285971.034,1443040.69,1573049.655,1695999.31,1791888.276,1874246.897,1942486.897,1997196.552,2031316.552,2031316.552,2031316.552,2031316.552,2031316.552,2031316.552,2038375.862,2038375.862,2038375.862,2038375.862,2038375.862,2038375.862,2038375.862,2038375.862,2038375.862,2038375.862,2038375.862,2038375.862,2038375.862,2038375.862,2038375.862,2038375.862,2038375.862,2038375.862,2038375.862,2038375.862,2038375.862,2038375.862,2038375.862,2076025.517,2151913.103,2219564.828,2296040.69,2440168.276,2629593.103,2853137.931,3061387.586,3452002.759,4333828.276,5551559.31,7490516.552,9752437.241,12396148.97,16166997.24,21486187.59,29166128.97,37939086.9,46830876.55,46830876.55,46830876.55,46830876.55,46830876.55,Mongolia,https://public.flourish.studio/country-flags/svg/mn.svg
Morocco,Africa,0,0,0,0,0,0,0,0,0,0,0,0,0,0,0,0,0,0,0,0,0,0,0,0,0,0,0,0,0,0,0,0,0,7059.310345,14118.62069,14118.62069,14118.62069,34708.27586,55297.93103,89417.93103,123537.931,164717.2414,198837.2414,232957.2414,260606.2069,281195.8621,301785.5172,322375.1724,411204.8276,527683.4483,794760.6897,1314796.552,2006020.69,2710775.172,3517889.655,4215584.828,4879160,5392136.552,5898642.069,6548686.897,7178142.069,7725238.621,8594122.069,9620663.448,10441896.55,11146651.03,11851405.52,12528511.03,13137376.55,13540933.79,13842131.03,13999200.69,14190978.62,14478057.24,14642186.21,14779254.48,14841023.45,14991622.07,15155751.03,15285760,15648137.93,16008751.03,16369364.14,16729977.24,17092355.17,17452968.28,17632980.69,17777696.55,17922412.41,18030655.17,18138897.93,18247140.69,18319498.62,18391856.55,18464214.48,18572457.24,18681288.28,18681288.28,18717173.1,18789531.03,18898362.07,19043077.93,19137202.07,19209560,19281917.93,19332509.66,19404867.59,19484284.83,19549583.45,19607234.48,19679592.41,19751950.34,19802542.07,19860193.1,19917844.14,19975495.17,20033734.48,20033734.48,20033734.48,20033734.48,20033734.48,Morocco,https://public.flourish.studio/country-flags/svg/ma.svg
Myanmar,Asia,0,0,0,0,0,0,0,0,0,0,0,0,0,0,0,0,0,0,0,0,0,0,0,0,0,0,0,0,7039897.241,13840366.21,20723193.79,27270704.14,33914103.45,40598682.07,47433271.03,54179030.34,61116567.59,68293533.1,75182831.72,82386857.93,89460875.17,96562541.38,98847404.83,99763938.62,100448103.4,101111678.6,101125209,101179918.6,101522295.2,101754664.1,102233520.7,103013574.5,103875398.6,104846642.1,106077903.4,107521532.4,109102229.7,111804769,114965575.2,118584648.3,122313140.7,126171642.1,130167211.7,134518688.3,138322480,142050972.4,145937122.8,149953282.1,154940684.8,160372824.1,165832612.4,171798317.9,178421127.6,185132766.9,191249071,197783051,205712421.4,214900702.1,224567839.3,234926200.7,246332281.4,256569457.9,267944360,279319262.1,291485983.4,302860885.5,311962101.4,318406663.4,323541723.4,329503311,334706022.8,340667610.3,346127986.9,351546007.6,356838725.5,360560746.9,363657431,367124729,371350314.5,375007037.2,379639709.7,383478209.7,389220370.3,394954295.2,402599528.3,410234172.4,419009483.4,427088275.9,435261780.7,442174022.1,449936910.3,457575084.1,465233847.6,472872021.4,480349007.6,486091168.3,491849212.4,491849212.4,491849212.4,491849212.4,491849212.4,Myanmar,https://public.flourish.studio/country-flags/svg/mm.svg
Netherlands,Europe,0,0,0,0,0,0,0,0,0,0,0,0,0,0,0,0,0,0,0,0,0,0,0,0,0,0,0,0,0,0,0,0,0,0,0,0,0,0,0,0,0,0,0,0,0,0,431206.2069,1888365.517,5281540.69,9530068.966,14353342.76,19238385.52,24129899.31,29740286.21,36164846.9,43170624.14,50675847.59,61095977.93,72186154.48,84316402.76,97438484.14,111436508.3,126193996.6,141347982.8,156878465.5,173264301.4,189451888.3,204948251,219637499.3,233457864.1,246587004.8,258313695.9,269239743.4,279447506.2,289442901.4,299151217.9,308531276.6,317986634.5,327496702.1,334913095.9,346283880,358398833.1,375054687.6,398075098.6,424269846.2,456760322.1,495844193.8,532600846.2,565567825.5,593949782.8,624933095.9,656372322.8,680553990.3,704327394.5,741513488.3,772850943.4,801586454.5,828614200.7,856203750.3,876040412.4,894316966.9,909955692.4,933077286.9,956214764.8,977849197.9,995089210.3,1009405492,1028824478,1044597330,1056919945,1067225950,1078344952,1088688606,1099558768,1113267360,1126321201,1135002977,1135002977,1135002977,1135002977,1135002977,Netherlands,https://public.flourish.studio/country-flags/svg/nl.svg
Niger,Africa,0,0,0,0,0,0,0,0,0,0,0,0,0,0,0,0,0,0,0,0,0,0,0,0,0,0,0,0,0,0,0,0,0,0,0,0,0,0,0,0,0,0,0,0,0,0,0,0,0,0,0,0,0,0,0,0,0,0,0,0,0,0,0,0,0,0,0,0,0,0,0,0,0,0,0,0,0,0,0,0,0,0,0,0,0,0,0,0,0,0,0,0,0,0,0,0,0,0,0,0,0,0,0,0,0,0,0,0,0,0,0,2507231.724,9997748.276,17467675.17,24937602.07,30166786.21,35035357.24,35035357.24,35035357.24,35035357.24,35035357.24,Niger,https://public.flourish.studio/country-flags/svg/ne.svg
Nigeria,Africa,0,0,0,0,0,0,0,0,0,0,0,0,0,0,0,0,0,0,0,0,0,0,0,0,0,0,0,0,0,0,0,0,0,0,0,0,0,0,0,0,0,0,0,0,0,0,0,0,0,0,0,0,0,0,0,0,0,7059.310345,1758356.552,5405078.621,11131355.86,26415351.03,48815131.03,74211588.28,114803211,207209583.4,347942817.9,455480822.1,503229997.2,685313142.1,1050322431,1566343310,2179918564,2872226306,3632171066,4233117213,4931541259,5634228541,6273523215,7049305537,7744760555,8229911659,8663636274,9080004988,9549048510,10054183932,10548434486,11002615219,11469805084,12064853766,12663407395,13320812731,14003003893,14676417979,15321414811,15971788485,16631418680,17291912463,17968686193,18600413286,19329378851,20049781471,20699816886,21467298048,22299687803,23128511430,23919035945,24652417108,25375999948,26107417446,26942754463,27752915626,28549565270,29298432795,30046113767,30769547773,31394356155,32040839560,32700107377,33392070389,33986376667,Nigeria,https://public.flourish.studio/country-flags/svg/ng.svg
Norway,Europe,0,0,0,0,0,0,0,0,0,0,0,0,0,0,0,0,0,0,0,0,0,0,0,0,0,0,0,0,0,0,0,0,0,0,0,0,0,0,0,0,0,0,0,0,0,0,0,0,0,0,0,0,0,0,0,0,0,0,0,0,0,0,0,0,0,0,0,0,0,0,0,2003079.31,13050311.72,23733401.38,35418324.83,98516205.52,191915587.6,287730430.3,406580979.3,539989591,711370233.1,877569929.7,1050195363,1265007236,1510997141,1779263876,2073687709,2416559001,2806392943,3318894756,3880888806,4522924257,5254301164,6035127363,6914846853,7861728621,8919886887,9988743537,11012255295,12036270030,13131437906,14238150108,15314747881,16364209664,17391979952,18339097619,19220657235,20030941348,20813994760,21555460010,22229982408,22868758223,23464289880,24031668418,24612978506,25212556912,25830403637,26438330854,27008366046,27545745457,28174982380,Norway,https://public.flourish.studio/country-flags/svg/no.svg
Oman,Asia,0,0,0,0,0,0,0,0,0,0,0,0,0,0,0,0,0,0,0,0,0,0,0,0,0,0,0,0,0,0,0,0,0,0,0,0,0,0,0,0,0,0,0,0,0,0,0,0,0,0,0,0,0,0,0,0,0,0,0,0,0,0,0,0,0,0,0,19313684.83,101196390.3,211994619.3,324487082.8,424103952.4,519916442.1,619194464.8,717455946.9,832998032.4,957690749,1072893988,1179287795,1279243512,1375827819,1487395513,1601673982,1733910748,1875899363,2045499294,2236107145,2434599657,2646207190,2865552317,3099806118,3341422192,3594820254,3860186790,4136949993,4429821954,4733349357,5040607604,5346510464,5652315670,5974042563,6294883512,6595996041,6871199726,7134121386,7394099903,7641628149,7879976350,8133602664,8404940199,8693668934,8989318146,9297189965,9612468177,9928681748,10257292644,10594696500,10920115412,11247311505,11571113835,11886589708,Oman,https://public.flourish.studio/country-flags/svg/om.svg
Pakistan,Asia,0,0,0,0,0,0,0,0,0,0,0,0,0,0,0,0,0,0,0,0,0,0,0,0,0,0,0,0,0,0,0,0,0,0,0,0,0,0,0,0,0,0,0,0,0,0,0,342376.5517,787113.1034,1648937.241,2846078.621,4112048.276,5596856.552,7252264.828,9072390.345,11008406.21,12992660.69,15052214.48,17180008.28,19362511.72,21832093.79,24479923.45,27606609.66,30870364.14,34612975.17,38273227.59,41810530.34,45244884.83,48788658.62,52435380.69,55534417.93,58278136.55,60925966.21,63477906.9,65687471.03,67472888.28,69327133.79,72590888.28,75813463.45,79206638.62,82909835.17,86604207.59,91025100.69,95810724.83,102067626.9,114857920.7,130195449,145532977.2,162007054.5,179527674.5,202142175.2,225252004.1,248336537.2,270829264.8,291573048.3,313689867.6,334585426.2,356151619.3,377068355.9,397567416.6,418417089.7,441505152.4,466202149.7,489390219.3,513391874.5,538096519.3,562815871,589445354.5,613770561.4,637575144.1,662324497.9,687441524.1,714452210.3,745027260,780333224.1,814261446.2,846563673.8,846563673.8,846563673.8,846563673.8,846563673.8,Pakistan,https://public.flourish.studio/country-flags/svg/pk.svg
Peru,South America,260017.931,527095.1724,745933.7931,998892.4138,1265969.655,1608346.207,2094262.069,2778426.897,3640251.034,4926222.069,6075713.103,7409922.759,9010621.379,10898986.9,12657343.45,15141044.14,17631215.86,20005497.24,22297420,24685231.72,27237172.41,30582697.24,35378910.34,40523971.03,47680346.9,56027393.1,65571580.69,75053999.31,85945926.9,98103824.14,109433429,118601120,127584092.4,139639041.4,154430649.7,169844653.8,185744573.8,201480364.8,215827236.6,228101024.1,239109430.3,249939589,262322795.9,275650185.5,288745206.2,301244891.7,312458606.2,324082349,336889702.8,350354160.7,364386304.8,379020843.4,394407786.9,409028206.9,424709288.3,440465669,457262121.4,474824509,491942160,508088567.6,525685075.2,543384531,562691744.8,582306626.9,604069892.4,627291493.8,650513095.2,676592540.7,703818535.9,730255653.1,756682769.7,779255502.8,802864189.7,828548313.8,856557304.1,882542037.2,910163942.1,942978557.9,997130527.6,1065847619,1135939512,1205125459,1275060870,1336189792,1402384357,1469961958,1533636937,1592349221,1643218612,1690054783,1736355623,1777614350,1819264870,1864627998,1910359387,1954108874,1997336561,2040042448,2081295292,2119023777,2154333859,2188798588,2222306781,2254679014,2286765344,2323175502,2361078704,2398606586,2437612806,2484772528,2534562432,2582233955,2629202488,2679245351,2730841262,2775554346,2815570046,2854522732,2894599614,2936370141,2973267980,Peru,https://public.flourish.studio/country-flags/svg/pe.svg
Poland,Europe,2374281.379,5145060.69,8709424.138,13313859.31,18951306.9,24383446.21,29425558.62,37129031.03,48882782.76,63154355.17,75236953.1,85212346.9,93039357.24,100661059.3,106661473.1,111854184.1,117984018.6,123504987.6,128793587.6,134485744.8,139719635.2,144542909,149420892.4,154463004.8,159738074.5,165293751.7,170739421.4,175685644.8,180768936.6,185386902.1,189923097.2,194240453.8,198051304.8,201820976.6,205440049.7,208963233.8,212459357.2,215887240.7,219355715.2,222947727.6,226532680.7,228188089,230767678.6,233996724.8,236761033.1,237452257.2,238252900.7,239128843.4,240086556.6,241126628.3,242234940,243473260.7,244943950.3,246236980.7,247495891,248727152.4,249986062.8,251224383.4,252421524.8,253618666.2,254945816.6,256334735.9,257723655.2,259174343.4,261103888.3,263423460,266160119.3,269239155.2,272488791,275492527.6,278393315.9,281095855.2,283470136.6,286152086.2,289915286.9,293698489,296811644.8,299301816.6,301785517.2,304050379.3,306905282.1,309752537.2,311726791,313473382.1,315225267.6,316971858.6,318718449.7,320098544.8,321482757.9,322666369,323455835.2,324555322.8,325731286.2,327527292.4,329360360,331046358.6,332884132.4,335083695.9,337796235.9,341095286.9,345876793.1,351277165.5,356159855.2,361524931,367650059.3,373479873.1,378973193.1,383980597.2,389188015.2,393735387.6,398467478.6,403044853.1,407970486.9,415017443.4,422076165.5,428826631,436215964.1,436215964.1,436215964.1,436215964.1,436215964.1,Poland,https://public.flourish.studio/country-flags/svg/pl.svg
Qatar,Asia,0,0,0,0,0,0,0,0,0,0,0,0,0,0,0,0,0,0,0,0,0,0,0,0,0,0,0,0,0,0,0,0,0,0,0,0,0,0,0,0,0,0,0,0,0,0,0,0,0,684164.8276,11877289.66,28091937.24,50648786.9,78439526.9,111128840,148333758.6,188535354.5,234018491,290270605.5,344956141.4,401140015.9,458486911.7,518748126.2,580973005.5,650244841.4,729644434.5,828808920,939218886.9,1055398075,1176712323,1300412030,1446943312,1611644670,1805883947,1982403179,2131319919,2297729630,2445965146,2610898285,2783328411,2945290757,3086888168,3202348483,3307358666,3424672639,3529471630,3647637426,3752117572,3872853546,4007566365,4152076919,4291667133,4453134150,4602372677,4748430397,4897791873,5083228190,5310870359,5540419130,5774938244,6049830142,6323493720,6578906628,6878476110,7219849651,7579437390,7967287666,8360414776,8801732268,9228631119,9713844580,10245741260,10808385942,11384254478,11955432691,12511262197,13069502459,13610570948,14154164317,14685652145,15204745589,Qatar,https://public.flourish.studio/country-flags/svg/qa.svg
Romania,Europe,1696587.586,3735551.724,5952175.172,8771193.103,12404384.83,17070588.97,23713988.28,31568059.31,39360949.66,48638060,57716921.38,68834746.9,81826819.31,94470044.14,106853251,117717529.7,123867953.8,128821236.6,135450517.2,141306803.4,148894385.5,156885524.8,166279113.8,176623944.8,189349528.3,205201797.9,227396269.7,252498589,281794726.9,314887597.2,354514447.6,400736458.6,451008749,501479876.6,559401517.9,616707234.5,676250164.1,725168243.4,770281942.8,812973710.3,852723510.3,890030789,928788755.9,964864773.1,988981730.3,1020726861,1049414133,1075480637,1103866712,1136022459,1170552487,1213046006,1267792722,1329764643,1396409239,1468623042,1543334077,1619824057,1697381170,1775635979,1854314934,1933555104,2014724231,2098418238,2183220557,2270937194,2360391598,2452452652,2545054332,2637731312,2731304823,2827724414,2926435927,3026576950,3128079832,3230567488,3333808137,3436706410,3533269539,3620247302,3702354141,3785370454,3869057401,3951724867,4033434619,4110389338,4183287306,4251936158,4319251388,4385088281,4440752120,4488698368,4535406294,4582811917,4630525795,4678082016,4724961131,4771142551,4815975643,4859618652,4902632207,4945310444,4986852721,5027150206,5066181721,5103379580,5137560172,5170023588,5202309343,5233083230,5262413488,5291299010,5318542653,5346805779,5374528279,5401915461,5427927255,5452789558,5477262422,5501666458,5525325148,Romania,https://public.flourish.studio/country-flags/svg/ro.svg
Russia,Europe,0,0,0,0,0,0,0,0,0,0,0,0,0,0,0,0,0,0,0,0,0,0,0,0,0,0,0,0,0,0,0,0,0,0,0,0,0,0,0,0,0,0,0,0,0,0,0,0,0,0,0,0,0,0,0,0,0,0,0,0,0,0,0,0,0,0,0,0,0,0,0,0,0,0,0,0,0,0,0,0,0,0,0,0,0,3710267039,7549677102,11445865786,15337251786,19115387623,22644932200,25805390735,28533908308,30961838093,33134594986,35260630423,37332780967,39436040715,41518227834,43603343390,45838172211,48244240488,50869349165,53781932960,56951606249,60200153801,63526934395,66929497862,70311011642,73741159952,77246243430,80800230868,84403971150,88045257550,91722099931,95447735677,99268653288,1.03E+11,1.07E+11,1.11E+11,1.14E+11,Russia,https://public.flourish.studio/country-flags/svg/ru.svg
Saudi Arabia,Asia,0,0,0,0,0,0,0,0,0,0,0,0,0,0,0,0,0,0,0,0,0,0,0,0,0,0,0,0,0,0,0,0,0,0,0,0,0,0,0,0,0,0,0,0,0,0,0,0,0,0,0,0,0,0,0,0,0,0,0,0,0,0,0,0,0,759588264.1,1655630644,2622267304,3677405361,4790889795,6105659874,7753092306,9834544080,12461837024,15401331499,17859788683,20851372044,24055973035,26959838582,30298637064,33786531709,37250781783,39578202872,41222110355,42720683697,43897942529,45626143472,47087575430,48957456731,50812727025,53156974568,56087566076,59112107004,62049299555,65006162874,67956711640,70949493319,73905235973,76951785477,79746776457,82746950998,85673102199,88341707993,91492285259,94863763053,98398351507,1.02E+11,1.05E+11,1.09E+11,1.12E+11,1.15E+11,1.19E+11,1.22E+11,1.26E+11,1.30E+11,1.34E+11,1.38E+11,1.41E+11,1.45E+11,1.49E+11,1.53E+11,Saudi Arabia,https://public.flourish.studio/country-flags/svg/sa.svg
Serbia,Europe,0,0,0,0,0,0,0,0,0,0,0,0,0,0,0,0,0,0,0,0,0,0,0,0,0,0,0,0,0,0,0,0,0,0,0,0,0,0,0,0,0,0,0,0,0,0,0,0,0,0,0,0,0,0,0,0,0,0,0,0,0,0,0,0,0,0,0,0,0,0,0,0,0,0,0,0,0,0,0,0,0,0,0,0,0,0,0,0,0,0,0,0,8458818.621,16894106.21,26244162.76,34860639.31,43500646.9,51383543.45,58532860,65682176.55,72115561.38,78164802.07,83846958.62,89346161.38,94676528.97,99684521.38,105274318.6,110864115.9,116469208.3,122425501.4,129848954.5,136477646.9,142542182.8,149139696.6,155588964.8,163318321.4,170948259.3,170948259.3,170948259.3,170948259.3,170948259.3,Serbia,https://public.flourish.studio/country-flags/svg/rs.svg
Slovakia,Europe,0,0,0,0,0,0,0,0,0,0,0,0,0,0,0,0,0,0,0,0,0,0,0,0,0,0,0,0,0,0,0,0,0,0,0,0,0,0,0,0,0,0,0,0,0,0,0,0,0,0,0,0,0,0,0,0,0,0,0,0,0,0,0,0,0,0,0,0,0,0,0,0,0,0,0,0,0,0,0,0,0,0,0,0,0,0,0,0,0,0,0,0,0,508270.3448,1016540.69,1564225.517,2191915.862,2778426.897,3247871.034,3599660,3992040,4383243.448,4774446.897,5265657.241,5602151.034,5875699.31,6118068.966,6305728.966,6470446.207,6548686.897,6626927.586,6705168.276,6783408.966,6861649.655,6939890.345,7018131.034,7096371.724,7096371.724,7096371.724,7096371.724,7096371.724,Slovakia,https://public.flourish.studio/country-flags/svg/sk.svg
Slovenia,Europe,0,0,0,0,0,0,0,0,0,0,0,0,0,0,0,0,0,0,0,0,0,0,0,0,0,0,0,0,0,0,0,0,0,0,0,0,0,0,0,0,0,0,0,0,0,0,0,0,0,0,0,0,0,0,0,0,0,0,0,0,0,0,0,0,0,0,0,0,0,0,0,0,0,0,0,0,0,0,0,0,0,0,0,0,0,0,0,0,0,0,0,0,0,0,0,0,0,0,0,0,7059.310345,12353.7931,17648.27586,21177.93103,23531.03448,25295.86207,27060.68966,28825.51724,30590.34483,32355.17241,34120,35884.82759,37649.65517,39414.48276,41179.31034,42944.13793,44708.96552,44708.96552,44708.96552,44708.96552,44708.96552,Slovenia,https://public.flourish.studio/country-flags/svg/si.svg
South Africa,Africa,0,0,0,0,0,0,0,0,0,0,0,0,0,0,0,0,0,0,0,0,0,0,0,0,0,0,0,0,0,0,0,0,0,0,0,0,0,0,0,0,0,0,0,0,0,0,0,0,0,0,0,0,0,0,0,0,0,0,0,0,0,0,0,0,0,0,0,0,0,0,0,0,0,0,0,0,0,0,0,0,0,0,0,0,0,0,0,0,0,0,0,0,557685.5172,3778495.862,6999306.207,10220116.55,13449751.03,16670561.38,26304755.17,38052624.14,49602832.41,61025384.83,70158367.59,82652170.34,104124827.6,118139323.4,127370548.3,134848711,141551526.2,144440549,147148971,150037993.8,152904073.8,155644262.8,158177378.6,160710494.5,162305898.6,162305898.6,162305898.6,162305898.6,162305898.6,South Africa,https://public.flourish.studio/country-flags/svg/za.svg
South Sudan,Africa,0,0,0,0,0,0,0,0,0,0,0,0,0,0,0,0,0,0,0,0,0,0,0,0,0,0,0,0,0,0,0,0,0,0,0,0,0,0,0,0,0,0,0,0,0,0,0,0,0,0,0,0,0,0,0,0,0,0,0,0,0,0,0,0,0,0,0,0,0,0,0,0,0,0,0,0,0,0,0,0,0,0,0,0,0,0,0,0,0,0,0,0,0,0,0,0,0,0,0,0,0,0,0,0,0,0,0,0,0,0,0,0,10489546.9,44098335.17,96452533.79,146240673.1,192432682.1,242039632.4,290668280,348469913.1,405752098.6,South Sudan,https://public.flourish.studio/country-flags/svg/ss.svg
Spain,Europe,0,0,0,0,0,0,0,0,0,0,0,0,0,0,0,0,0,0,0,0,0,0,0,0,0,0,0,0,0,0,0,0,0,0,0,0,0,0,0,0,0,0,0,0,0,0,0,0,0,0,7059.310345,14118.62069,68828.27586,171188.2759,321786.8966,561215.1724,964772.4138,1457159.31,1949546.207,2373693.103,2811370.345,3256106.897,3700843.448,4145580,4590316.552,5069173.103,5582149.655,6156895.172,7025778.621,8325868.276,9358880.69,10200115.17,11144297.93,16371128.97,29890296.55,43765371.03,55888560,61663075.86,68367655.86,76290555.17,88337268.28,97438484.14,108359825.5,129474811,146267145.5,162285309,178036395.2,192056773.8,204930602.8,215040123.4,223877203.4,234898551.7,245483399.3,253788677.9,261072709.7,266876051,270652193.8,273418855.2,277423249,279636342.8,281370580,283954875.9,286288566.2,288689908.3,290879471,292005431,293095506.2,294096163.4,295069760,295920406.9,296856942.1,297645820,298741777.9,301412550.3,303687413.1,305381059.3,306354655.9,306354655.9,306354655.9,306354655.9,306354655.9,Spain,https://public.flourish.studio/country-flags/svg/es.svg
Sudan,Africa,0,0,0,0,0,0,0,0,0,0,0,0,0,0,0,0,0,0,0,0,0,0,0,0,0,0,0,0,0,0,0,0,0,0,0,0,0,0,0,0,0,0,0,0,0,0,0,0,0,0,0,0,0,0,0,0,0,0,0,0,0,0,0,0,0,0,0,0,0,0,0,0,0,0,0,0,0,0,0,0,0,0,0,0,0,0,0,0,0,0,0,0,96477.24138,770641.3793,1444805.517,2118969.655,3808497.931,6841648.276,10885456.55,32116920.69,92650506.9,163087129,242682029.7,331021062.8,429404317.9,528375849,648403537.9,811215353.8,965631884.8,1125780576,1281500726,1379569842,1414412833,1454129690,1494437175,1531191474,1566205654,1598091382,1631883712,1664750685,1693689151,Sudan,https://public.flourish.studio/country-flags/svg/sd.svg
Suriname,South America,0,0,0,0,0,0,0,0,0,0,0,0,0,0,0,0,0,0,0,0,0,0,0,0,0,0,0,0,0,0,0,0,0,0,0,0,0,0,0,0,0,0,0,0,0,0,0,0,0,0,0,0,0,0,0,0,0,0,0,0,0,0,0,0,0,0,0,0,0,0,0,0,0,0,0,0,0,0,0,0,0,0,0,0,0,398851.0345,1194200,1989548.966,3187278.621,4779741.379,6332201.379,7725826.897,9721846.897,11712572.41,14101560.69,16899988.97,19893136.55,21883862.07,24670524.83,28651975.86,32644015.86,36625466.9,40606917.93,44588368.97,48580408.97,52561860,57179825.52,62569020.69,68893574.48,75263425.52,81633276.55,88003127.59,94323563.45,100295151.7,106266740,113034265.5,119820615.9,119820615.9,119820615.9,119820615.9,119820615.9,Suriname,https://public.flourish.studio/country-flags/svg/sr.svg
Sweden,Europe,0,0,0,0,0,0,0,0,0,0,0,0,0,0,0,0,0,0,0,0,0,0,0,0,0,0,0,0,0,0,0,0,0,0,0,0,0,0,0,0,0,0,0,0,0,0,0,0,0,0,355906.8966,629455.1724,903003.4483,1354799.31,1778946.207,2346632.414,2948438.621,3598483.448,4241468.966,4877983.448,5575678.621,6307493.793,6998717.931,7539343.448,8093499.31,8483526.207,8668244.828,8668244.828,8668244.828,8668244.828,8668244.828,8668244.828,8668244.828,8668244.828,8668244.828,8668244.828,8688834.483,8695893.793,8702953.103,8710012.414,8897672.414,8935322.069,9047682.759,9197104.828,9271815.862,9309465.517,9309465.517,9309465.517,9309465.517,9309465.517,9309465.517,9309465.517,9309465.517,9309465.517,9309465.517,9309465.517,9309465.517,9309465.517,9309465.517,9309465.517,9309465.517,9309465.517,9309465.517,9309465.517,9309465.517,9309465.517,9309465.517,9309465.517,9309465.517,9309465.517,9309465.517,9309465.517,9309465.517,9309465.517,9309465.517,9309465.517,9309465.517,9309465.517,9309465.517,9309465.517,9309465.517,Sweden,https://public.flourish.studio/country-flags/svg/se.svg
Syria,Asia,0,0,0,0,0,0,0,0,0,0,0,0,0,0,0,0,0,0,0,0,0,0,0,0,0,0,0,0,0,0,0,0,0,0,0,0,0,0,0,0,0,0,0,0,0,0,0,0,0,0,0,0,0,0,0,0,0,0,0,0,0,0,0,0,0,0,0,0,7174024.138,25229975.17,54187854.48,90300344.83,130269571.7,168085120.7,212032857.2,277443838.6,346108573.8,408453461.4,469435313.8,526329237.2,580304724.1,636176812.4,688982806.9,743832471.7,799173935.2,853445324.8,921718856.6,1000281333,1091766466,1207633868,1346006939,1506579189,1681965990,1874408084,2065875994,2268471141,2468201974,2664331381,2860126648,3056834331,3249059352,3453634048,3677629494,3893483792,4054191933,4202428626,4341466450,4474712697,4609007252,4741231665,4868005113,4983964286,5039236921,5057617012,5067605348,5075800619,5083335257,5090716354,5097907438,5108242268,5121680254,Syria,https://public.flourish.studio/country-flags/svg/sy.svg
Tajikistan,Asia,0,0,0,0,0,0,0,0,0,0,0,0,0,0,0,0,0,0,0,0,0,0,0,0,0,0,0,0,0,0,0,0,0,0,0,0,0,0,0,0,0,0,0,0,0,0,0,0,0,0,0,0,0,0,0,0,0,0,0,0,0,0,0,0,0,0,0,0,0,0,0,0,0,0,0,0,0,0,0,0,0,0,0,0,0,0,0,0,0,0,0,0,461208.2759,735933.1034,936535.1724,1174198.621,1375388.966,1586580,1760709.655,1934839.31,2076025.517,2196622.069,2311335.862,2441933.103,2534880.69,2638417.241,2749601.379,2852549.655,2940202.759,3020796.552,3100213.793,3179631.034,3259048.276,3335524.138,3412000,3479063.448,3546126.897,3546126.897,3546126.897,3546126.897,3546126.897,Tajikistan,https://public.flourish.studio/country-flags/svg/tj.svg
Thailand,Asia,0,0,0,0,0,0,0,0,0,0,0,0,0,0,0,0,0,0,0,0,0,0,0,0,0,0,0,0,0,0,0,0,0,0,0,0,0,0,0,0,0,0,0,0,0,0,0,0,0,0,0,0,0,0,0,0,0,0,0,0,41179.31034,137068.2759,184718.6207,225897.931,239428.2759,252958.6207,266488.9655,280019.3103,307668.2759,321198.6207,389438.6207,478268.2759,519447.5862,560626.8966,601806.2069,642985.5172,697695.1724,793584.1379,895944.1379,998304.1379,1115371.034,1573637.931,3224928.276,7226968.966,14492764.14,28245477.24,41755820.69,54170794.48,68395304.83,82407447.59,99097422.07,118414048.3,141007959.3,164226619.3,187601172.4,210319797.9,236156285.5,265506544.8,296032767.6,329278001.4,378063130.3,431303272.4,489796717.9,558089074.5,624920742.1,706532252.4,795397792.4,889137197.9,988127553.8,1090665213,1194861810,1303061037,1421226244,1538181368,1653715806,1774116462,1898140897,2018300360,2133638902,2248605654,2351533928,Thailand,https://public.flourish.studio/country-flags/svg/th.svg
Trinidad and Tobago,North America,0,0,0,0,0,0,0,0,0,0,0,0,0,0,0,0,0,0,0,0,0,0,0,0,0,0,0,0,0,0,0,0,0,0,0,0,0,0,0,0,0,0,0,0,0,0,0,0,0,0,0,0,0,0,0,0,0,0,0,0,0,0,0,0,0,45643735.86,97386715.86,157939126.9,222833602.1,276030211.7,323467012.4,367176497.2,415082742.1,471328973.8,534690990.3,607878978.6,679908651.7,757501649.7,835433494.5,907943789,979973462.1,1044013172,1103986720,1158199870,1215959148,1275041457,1331813608,1383903082,1434837771,1485078294,1535535303,1585098133,1632640823,1676787986,1723061177,1769144943,1814817504,1858860541,1902625912,1948085518,1993050972,2036326897,2086126802,2138595126,2187323781,2242802312,2298776761,2347985448,2395098109,2441636612,2484272494,2524478208,2559933594,2594883651,2629462506,2662467723,2692101532,2722067716,2748754850,2773797754,2797291139,Trinidad and Tobago,https://public.flourish.studio/country-flags/svg/tt.svg
Tunisia,Africa,0,0,0,0,0,0,0,0,0,0,0,0,0,0,0,0,0,0,0,0,0,0,0,0,0,0,0,0,0,0,0,0,0,0,0,0,0,0,0,0,0,0,0,0,0,0,0,0,0,0,0,0,0,0,0,0,0,0,0,0,0,0,0,0,0,0,5275069.655,20607303.45,42438808.97,67800557.93,96200163.45,124312690.3,151522213.8,178054043.4,206371878.6,237905229.7,263287568.3,292734304.8,326559578.6,364435131.7,402933080.7,439925631.7,475132765.5,512980669.7,550472666.9,587472277.2,623391224.8,657647116.6,691417680.7,725352373.8,757784610.3,795032473.1,832347399.3,866119140,897310702.8,927712799.3,957864878.6,986305663.4,1014222294,1042947805,1069307270,1093544235,1118875394,1142034638,1165969230,1190893301,1214925547,1248180781,1278716417,1307686061,1334201419,1358578983,1384547832,1408543605,1430868674,1450906526,1469764886,1484999466,1501237056,1514747399,1526058768,Tunisia,https://public.flourish.studio/country-flags/svg/tn.svg
Turkey,Asia,0,0,0,0,0,0,0,0,0,0,0,0,0,0,0,0,0,0,0,0,0,0,0,0,0,0,0,0,0,0,0,0,0,0,0,0,0,0,0,0,0,0,0,0,0,0,0,7059.310345,27648.96552,110007.5862,226486.2069,356495.1724,507093.7931,691812.4138,1088898.621,2313688.966,4407362.759,6446326.897,8697070.345,11365489.66,13930960.69,16954698.62,21025567.59,26129448.97,32430471.72,42918842.07,56882746.21,75711103.45,96947862.07,121735453.8,145968301.4,169585812.4,192765057.9,216786126.2,239425334.5,260600324.1,278354489.7,296170424.1,314855242.1,334169515.2,351531300.7,368845435.9,387664969,404226111,419700707.6,435132948.3,452447083.4,471643113.1,490514414.5,511592338.6,539068939.3,572191811.7,603895762.8,632501853.1,659601957.2,685000767.6,710355457.2,735919573.1,760481266.9,782725742.1,802607113.1,820674241.4,838241923.4,855243684.1,871254200,887691804.1,903559957.2,918993374.5,934688574.5,952079773.8,970273381.4,987488097.9,1004380439,1021786346,1039729348,1057987666,1076668954,1076668954,1076668954,1076668954,1076668954,Turkey,https://public.flourish.studio/country-flags/svg/tr.svg
Turkmenistan,Asia,0,0,0,0,0,0,0,0,0,0,0,0,0,0,0,0,0,0,0,0,0,0,0,0,0,0,0,0,0,0,0,0,0,0,0,0,0,0,0,0,0,0,0,0,0,0,0,0,0,0,0,0,0,0,0,0,0,0,0,0,0,0,0,0,0,0,0,0,0,0,0,0,0,0,0,0,0,0,0,0,0,0,0,0,0,46386140,91267470.34,135532875.9,174667339.3,214006522.8,253003917.9,289948818.6,325525389.7,355505692.4,384185905.5,412031355.2,441826939.3,478553001.4,522127182.8,570449926.9,620256891,673245251,729415006.9,789005586.9,852085819.3,918655115.9,987003358.6,1057267028,1129822619,1204191277,1280338881,1359086077,1441117616,1526432911,1614348386,1704863451,1795036140,1884867041,1970736492,2054136361,2124857708,Turkmenistan,https://public.flourish.studio/country-flags/svg/tm.svg
Ukraine,Europe,0,0,0,0,0,0,0,0,0,0,0,0,0,0,0,0,0,0,0,0,0,0,0,0,0,0,0,0,0,0,0,0,0,0,0,0,0,0,0,0,0,0,0,0,0,0,0,0,0,0,0,0,0,0,0,0,0,0,0,0,0,0,0,0,0,0,0,0,0,0,0,0,0,0,0,0,0,0,0,0,0,0,0,0,0,0,0,0,0,0,0,0,33028748.28,64267961.38,95441287.59,125765143.4,156324897.9,186844649.7,215730759.3,243723277.9,270896916.6,298257626.9,325880120,354983891.7,386701373.1,419181848.3,452882407.6,485951158.6,516775049,545738222.8,571573533.8,595961686.2,620520438.6,643139645.5,663241620,681186386.9,697858713.1,697858713.1,697858713.1,697858713.1,697858713.1,Ukraine,https://public.flourish.studio/country-flags/svg/ua.svg
United Arab Emirates,Asia,0,0,0,0,0,0,0,0,0,0,0,0,0,0,0,0,0,0,0,0,0,0,0,0,0,0,0,0,0,0,0,0,0,0,0,0,0,0,0,0,0,0,0,0,0,0,0,0,0,0,0,0,0,0,0,0,0,0,0,0,0,0,0,0,0,93499977.24,212777026.2,339376344.8,504363604.8,712369713.8,970671055.9,1321710558,1721287525,2229077248,2785240308,3336500088,3979837394,4642061297,5248553121,5855107890,6428478607,6935353561,7376246319,7791523192,8189304741,8572164084,9014274572,9480862631,9973776034,10555844409,11193154241,11924195242,12729319588,13511738838,14300640888,15083402515,15883321796,16685898907,17517309183,18283771451,19115191727,19925335831,20671201384,21534546803,22432690504,23366937872,24363465417,25346223188,26339951128,27224666257,28149750640,29179406940,30248384186,31361976863,32479878660,33684435845,34932213069,36137877977,37346706045,38581925933,39715055251,United Arab Emirates,https://public.flourish.studio/country-flags/svg/ae.svg
United Kingdom,Europe,0,0,0,0,0,0,0,0,0,0,0,0,0,0,0,0,0,0,0,0,0,0,0,0,0,0,0,0,0,0,0,0,0,0,0,0,0,0,0,27648.96552,144127.5862,356495.1724,924181.3793,1710706.207,2367222.069,2866668.276,3249635.862,3571422.759,3872620,4187347.586,4502075.172,4809743.448,5192711.034,5569207.586,5972764.828,6342202.069,6793997.931,7355213.103,7902309.655,8469995.862,9058271.724,9783615.862,10543080,11384314.48,12253197.93,12827943.45,13361509.66,13970375.17,14545120.69,15126925.52,16194057.93,17644746.21,19923138.62,22468020,25272919.31,36000717.93,119256459.3,381052160,750542346.2,1283192019,1833718808,2445909260,3152097371,3938613374,4801105794,5674175413,6543530070,7387454150,8170542270,8797989657,9424712288,10049081227,10693913342,11379371200,12245126786,13133815717,14021458106,14896388442,15803816902,16741799821,17605523502,18403796198,19197046195,19922759771,20575275357,21154907682,21678826164,22202725822,22693879693,23160470104,23591231575,23946808448,24251677708,24529766297,24802939253,25112781796,25437380651,25756409122,26104446653,26458965218,26788264397,United Kingdom,https://public.flourish.studio/country-flags/svg/gb.svg
United States,North America,58031060.69,121330131.7,202301009.7,293944976.6,400749989,523639640,639031126.9,790546281.4,953405159.3,1120499035,1311661630,1512758439,1716126581,1942763386,2185197163,2441622494,2715972590,3021863096,3346547251,3702990655,4128007612,4570785793,5093590670,5780294496,6450940744,7166728341,7895186811,8740035072,9585608678,10530468542,11372792511,12171096975,12907566586,13745915575,14586967104,15508367115,16525077817,17707760552,18830523861,20000077455,21251231383,22547697259,23829754494,25221401640,26772753328,28357157295,29960314321,31677240957,33545060351,35248077793,37072801862,39150981646,41268110586,43447416755,45587800828,47884845116,50304724346,52724247668,54988527344,57368937382,59749661558,62173679897,64648025824,67193127806,69769756081,72695890811,75805685853,79118560193,82559090396,86057579302,89707529240,93305469122,96917092300,1.00E+11,1.04E+11,1.07E+11,1.10E+11,1.13E+11,1.17E+11,1.20E+11,1.23E+11,1.26E+11,1.30E+11,1.33E+11,1.36E+11,1.40E+11,1.43E+11,1.46E+11,1.49E+11,1.52E+11,1.55E+11,1.58E+11,1.61E+11,1.64E+11,1.66E+11,1.69E+11,1.72E+11,1.74E+11,1.77E+11,1.79E+11,1.82E+11,1.84E+11,1.86E+11,1.88E+11,1.91E+11,1.93E+11,1.95E+11,1.97E+11,1.99E+11,2.01E+11,2.04E+11,2.06E+11,2.09E+11,2.12E+11,2.15E+11,2.19E+11,2.23E+11,2.27E+11,2.31E+11,2.37E+11,2.41E+11,United States,https://public.flourish.studio/country-flags/svg/us.svg
Uzbekistan,Asia,0,0,0,0,0,0,0,0,0,0,0,0,0,0,0,0,0,0,0,0,0,0,0,0,0,0,0,0,0,0,0,0,0,0,0,0,0,0,0,0,0,0,0,0,0,0,0,0,0,0,0,0,0,0,0,0,0,0,0,0,0,0,0,0,0,0,0,0,0,0,0,0,0,0,0,0,0,0,0,0,0,0,0,0,0,15804031.03,33113460,51380602.07,68074106.21,86546556.55,105703171.7,124859786.9,147437226.2,174810878.6,212556422.8,264464120,316617716.6,370604969,426542355.9,481959706.9,533272069,582367807.6,631614144.8,680422216.6,725426496.6,762706714.5,799733973.8,833449828.3,866159731,896639480,921606495.9,946134069.7,967787915.9,987628695.9,1006815313,1025390123,1043444898,1062357967,1082144626,1101413013,1116066377,Uzbekistan,https://public.flourish.studio/country-flags/svg/uz.svg
Venezuela,South America,0,0,0,0,0,0,0,0,0,0,0,0,0,0,0,0,0,0,0,0,0,0,0,0,0,0,0,0,0,0,0,0,0,0,0,0,0,0,0,0,0,0,0,0,0,0,0,0,0,0,0,0,0,0,0,0,0,0,0,0,0,0,0,0,0,1259642748,2482832983,3768549882,5080520945,6385945086,7735378732,9034447140,10223610322,11464921806,12564034072,13433592273,14287516454,15118707891,15919010140,16790419056,17593261480,18370578025,19072497018,19737977028,20405751313,21031789780,21708736462,22394635527,23114343394,23837229715,24643155881,25541638429,26441930514,27373334156,28361811146,29424490900,30554581773,31728055637,32944276568,34032531026,35129160768,36244571806,37289275614,38298257547,39462430771,40621468346,41792366739,42926269051,44060916709,45127273775,46125026111,47093165815,48046378608,48989030673,49936668964,50862782242,51690847581,52426899516,52944320492,53263316608,53450714825,Venezuela,https://public.flourish.studio/country-flags/svg/ve.svg
Vietnam,Asia,0,0,0,0,0,0,0,0,0,0,0,0,0,0,0,0,0,0,0,0,0,0,0,0,0,0,0,0,0,0,0,0,0,0,0,0,0,0,0,0,0,0,0,0,0,0,0,0,0,0,0,0,0,0,0,0,0,0,0,0,0,0,0,0,0,0,0,0,0,0,0,0,0,0,0,0,0,0,0,0,0,0,0,0,0,0,0,1915426.207,6636340,16830572.41,35303022.76,62396067.59,99956893.1,143059277.2,191634980,243768575.2,303995669.7,373028077.2,458548680.7,562658213.1,675873667.6,792845263.4,910603972.4,1034130138,1173795652,1303027505,1420327359,1531169120,1634915686,1748609997,1852986019,1958545651,2074814257,2190518707,2298979128,2416443110,2522563958,2617321081,2702225759,2780509393,2849089417,Vietnam,https://public.flourish.studio/country-flags/svg/vn.svg
Yemen,Asia,0,0,0,0,0,0,0,0,0,0,0,0,0,0,0,0,0,0,0,0,0,0,0,0,0,0,0,0,0,0,0,0,0,0,0,0,0,0,0,0,0,0,0,0,0,0,0,0,0,0,0,0,0,0,0,0,0,0,0,0,0,0,0,0,0,0,0,0,0,0,0,0,0,0,0,0,0,0,0,0,0,0,0,0,0,0,3272578.621,11781988.97,67573483.45,125830442.1,185396902.8,249872525.5,309575466.2,377274840.7,489417868.3,603388669,719129591.7,840399131,963555859.3,1094677843,1237930663,1384566069,1532003883,1677258018,1813960974,1949328545,2073500049,2182589337,2283829259,2382197219,2479969844,2549513463,2605209657,2667019802,2714250118,2732087819,2743106226,2763322326,2791041296,2818922042,2846862792,Yemen,https://public.flourish.studio/country-flags/svg/ye.svg